-- MySQL dump 10.13  Distrib 8.0.39, for Linux (x86_64)
--
-- Host: localhost    Database: recruitment
-- ------------------------------------------------------
-- Server version	8.0.39-0ubuntu0.20.04.1

/*!40101 SET @OLD_CHARACTER_SET_CLIENT=@@CHARACTER_SET_CLIENT */;
/*!40101 SET @OLD_CHARACTER_SET_RESULTS=@@CHARACTER_SET_RESULTS */;
/*!40101 SET @OLD_COLLATION_CONNECTION=@@COLLATION_CONNECTION */;
/*!50503 SET NAMES utf8mb4 */;
/*!40103 SET @OLD_TIME_ZONE=@@TIME_ZONE */;
/*!40103 SET TIME_ZONE='+00:00' */;
/*!40014 SET @OLD_UNIQUE_CHECKS=@@UNIQUE_CHECKS, UNIQUE_CHECKS=0 */;
/*!40014 SET @OLD_FOREIGN_KEY_CHECKS=@@FOREIGN_KEY_CHECKS, FOREIGN_KEY_CHECKS=0 */;
/*!40101 SET @OLD_SQL_MODE=@@SQL_MODE, SQL_MODE='NO_AUTO_VALUE_ON_ZERO' */;
/*!40111 SET @OLD_SQL_NOTES=@@SQL_NOTES, SQL_NOTES=0 */;

--
-- Table structure for table `Java方向答题`
--

DROP TABLE IF EXISTS `Java方向答题`;
/*!40101 SET @saved_cs_client     = @@character_set_client */;
/*!50503 SET character_set_client = utf8mb4 */;
CREATE TABLE `Java方向答题` (
  `studentid` char(20) NOT NULL COMMENT '学号',
  `username` char(20) NOT NULL COMMENT '用户名',
  `question1` varchar(255) DEFAULT '-1' COMMENT '问题1',
  `score1` int DEFAULT '-1' COMMENT '第一道题的成绩',
  `question2` varchar(255) DEFAULT '-1' COMMENT '问题2',
  `score2` int DEFAULT '-1' COMMENT '第二道题的成绩',
  `question3` varchar(255) DEFAULT '-1' COMMENT '问题3',
  `score3` int DEFAULT '-1' COMMENT '第三道题的成绩',
  `question4` varchar(255) DEFAULT '-1' COMMENT '问题4',
  `score4` int DEFAULT '-1' COMMENT '第四道题的成绩',
  `question5` varchar(255) DEFAULT '-1' COMMENT '问题5',
  `score5` int DEFAULT '-1' COMMENT '第五道题的成绩',
  `question6` varchar(255) DEFAULT '-1' COMMENT '问题6',
  `score6` int DEFAULT '-1' COMMENT '第六道题的成绩',
  `question7` varchar(255) DEFAULT '-1' COMMENT '问题7',
  `score7` int DEFAULT '-1' COMMENT '第七道题的成绩',
  `question8` varchar(255) DEFAULT '-1' COMMENT '问题8',
  `score8` int DEFAULT '-1' COMMENT '第八道题的成绩',
  `question9` varchar(255) DEFAULT '-1' COMMENT '问题9',
  `score9` int DEFAULT '-1' COMMENT '第九道题的成绩',
  `question10` varchar(255) DEFAULT '-1' COMMENT '问题10',
  `score10` int DEFAULT '-1' COMMENT '第十道题的成绩',
  `question11` varchar(255) DEFAULT '-1' COMMENT '问题11',
  `score11` int DEFAULT '-1' COMMENT '第十一道题的成绩',
  `question12` varchar(255) DEFAULT '-1' COMMENT '问题12',
  `score12` int DEFAULT '-1' COMMENT '第十二道题的成绩',
  `tests` int DEFAULT '-1' COMMENT '过题数',
  `total_score` int DEFAULT '0' COMMENT '总成绩',
  PRIMARY KEY (`studentid`),
  UNIQUE KEY `Java方向答题_pk_2` (`studentid`)
) ENGINE=InnoDB DEFAULT CHARSET=utf8mb4 COLLATE=utf8mb4_0900_ai_ci COMMENT='Java方向的答题和成绩';
/*!40101 SET character_set_client = @saved_cs_client */;

--
-- Dumping data for table `Java方向答题`
--

LOCK TABLES `Java方向答题` WRITE;
/*!40000 ALTER TABLE `Java方向答题` DISABLE KEYS */;
INSERT INTO `Java方向答题` VALUES ('2020091203010','wtr','Https://github.com/pkuhpc/cranesched.git',0,'-1',-1,'-1',-1,'-1',-1,'-1',-1,'-1',-1,'-1',-1,'-1',-1,'-1',-1,'-1',-1,'-1',-1,'-1',-1,-1,0),('2021090902022','luminous','-1',-1,'-1',-1,'-1',-1,'-1',-1,'-1',-1,'-1',-1,'-1',-1,'-1',-1,'-1',-1,'-1',-1,'-1',-1,'-1',-1,-1,0),('2021090902026','18213095017','https://github.com/mcyouyou/unicore',0,'-1',-1,'-1',-1,'-1',-1,'-1',-1,'-1',-1,'-1',-1,'-1',-1,'-1',-1,'-1',-1,'-1',-1,'-1',-1,-1,0),('2021090916028','Bri1987','-1',-1,'-1',-1,'-1',-1,'-1',-1,'-1',-1,'-1',-1,'-1',-1,'-1',-1,'-1',-1,'-1',-1,'-1',-1,'-1',-1,-1,0),('2021091201012','年老的杨','-1',-1,'-1',-1,'-1',-1,'-1',-1,'-1',-1,'-1',-1,'-1',-1,'-1',-1,'-1',-1,'-1',-1,'-1',-1,'-1',-1,-1,0),('2022090921432','sbljl','-1',-1,'-1',-1,'-1',-1,'-1',-1,'-1',-1,'-1',-1,'-1',-1,'-1',-1,'-1',-1,'-1',-1,'-1',-1,'-1',-1,-1,0),('2022091602007','lpl','-1',-1,'-1',-1,'-1',-1,'-1',-1,'-1',-1,'-1',-1,'-1',-1,'-1',-1,'-1',-1,'-1',-1,'-1',-1,'-1',-1,-1,0),('2022999999999','liam','-1',-1,'-1',-1,'-1',-1,'-1',-1,'-1',-1,'-1',-1,'-1',-1,'-1',-1,'-1',-1,'-1',-1,'-1',-1,'-1',-1,-1,0),('2023','皇帝','-1',-1,'-1',-1,'-1',-1,'-1',-1,'-1',-1,'-1',-1,'-1',-1,'-1',-1,'-1',-1,'-1',-1,'-1',-1,'-1',-1,-1,0),('2023090901007','Haruhi','-1',-1,'-1',-1,'-1',-1,'-1',-1,'-1',-1,'-1',-1,'-1',-1,'-1',-1,'-1',-1,'-1',-1,'-1',-1,'-1',-1,-1,0),('2023090902009','syh','-1',-1,'-1',-1,'-1',-1,'-1',-1,'-1',-1,'-1',-1,'-1',-1,'-1',-1,'-1',-1,'-1',-1,'-1',-1,'-1',-1,-1,0),('2023090903003','fortitude','-1',-1,'-1',-1,'-1',-1,'-1',-1,'-1',-1,'-1',-1,'-1',-1,'-1',-1,'-1',-1,'-1',-1,'-1',-1,'-1',-1,-1,0),('2023090903025','一个老实的es妹','-1',-1,'-1',-1,'-1',-1,'-1',-1,'-1',-1,'-1',-1,'-1',-1,'-1',-1,'-1',-1,'-1',-1,'-1',-1,'-1',-1,-1,0),('2023090904005',' hanphone','-1',-1,'-1',-1,'-1',-1,'-1',-1,'-1',-1,'-1',-1,'-1',-1,'-1',-1,'-1',-1,'-1',-1,'-1',-1,'-1',-1,-1,0),('2023090905000','BigBen','-1',-1,'-1',-1,'-1',-1,'-1',-1,'-1',-1,'-1',-1,'-1',-1,'-1',-1,'-1',-1,'-1',-1,'-1',-1,'-1',-1,-1,0),('2023090908006','MISAKA','00',0,'00',0,'-1',-1,'-1',-1,'-1',-1,'-1',-1,'wdqd',0,'asdsssssssssssssssssssssssssssssssssssssssssssssss',0,'-1',-1,'-1',-1,'-1',-1,'sbfzs',0,0,0),('2023090909027','有机废料','-1',-1,'-1',-1,'-1',-1,'-1',-1,'-1',-1,'-1',-1,'-1',-1,'-1',-1,'-1',-1,'-1',-1,'-1',-1,'-1',-1,-1,0),('2023091111111','fzs','-1',-1,'-1',-1,'-1',-1,'-1',-1,'-1',-1,'-1',-1,'-1',-1,'-1',-1,'-1',-1,'-1',-1,'-1',-1,'-1',-1,-1,0),('2023091204014','ISEKAI','https://www.bilibili.com',0,'-1',-1,'-1',-1,'-1',-1,'-1',-1,'-1',-1,'-1',-1,'-1',-1,'-1',-1,'-1',-1,'-1',-1,'-1',-1,-1,0),('2023091204021','MURAMASA','222',0,'1111',0,'1111',0,'1111',0,'1111',0,'1111',0,'1111',0,'-1',-1,'-1',-1,'-1',-1,'-1',-1,'1111',0,-1,0),('2023091601016','zded','aosfmpaokjoafokpaf',0,'-1',-1,'-1',-1,'-1',-1,'-1',-1,'-1',-1,'-1',-1,'-1',-1,'-1',-1,'-1',-1,'-1',-1,'-1',-1,-1,0),('2023130201009','Ghin','-1',-1,'-1',-1,'-1',-1,'-1',-1,'-1',-1,'-1',-1,'-1',-1,'-1',-1,'-1',-1,'-1',-1,'-1',-1,'-1',-1,-1,0),('2024090901007','Doring','-1',-1,'-1',-1,'-1',-1,'-1',-1,'-1',-1,'-1',-1,'-1',-1,'-1',-1,'-1',-1,'-1',-1,'-1',-1,'-1',-1,-1,0),('2024090902014','我是周防有希的狗','-1',-1,'-1',-1,'-1',-1,'-1',-1,'-1',-1,'-1',-1,'-1',-1,'-1',-1,'-1',-1,'-1',-1,'-1',-1,'-1',-1,-1,0),('2024090902022','dsc','-1',-1,'-1',-1,'-1',-1,'-1',-1,'-1',-1,'-1',-1,'-1',-1,'-1',-1,'-1',-1,'-1',-1,'-1',-1,'-1',-1,-1,0),('2024090903011','不是山谷','-1',-1,'-1',-1,'-1',-1,'-1',-1,'-1',-1,'-1',-1,'-1',-1,'-1',-1,'-1',-1,'-1',-1,'-1',-1,'-1',-1,-1,0),('2024090903027','苏沫','-1',-1,'-1',-1,'-1',-1,'-1',-1,'-1',-1,'-1',-1,'-1',-1,'-1',-1,'-1',-1,'-1',-1,'-1',-1,'-1',-1,-1,0),('2024090903030','蒋州婷','-1',-1,'-1',-1,'-1',-1,'-1',-1,'-1',-1,'-1',-1,'-1',-1,'-1',-1,'-1',-1,'-1',-1,'-1',-1,'-1',-1,-1,0),('2024090904002','My_hanshaung','-1',-1,'-1',-1,'-1',-1,'-1',-1,'-1',-1,'-1',-1,'-1',-1,'-1',-1,'-1',-1,'-1',-1,'-1',-1,'-1',-1,-1,0),('2024090904015','edragain','https://github.com/edragain/weiguang.git',94,'https://github.com/edragain/java-02.git',90,'-1',-1,'-1',-1,'-1',-1,'-1',-1,'-1',-1,'-1',-1,'-1',-1,'-1',-1,'-1',-1,'-1',-1,2,184),('2024090905014','cake','-1',-1,'-1',-1,'-1',-1,'-1',-1,'-1',-1,'-1',-1,'-1',-1,'-1',-1,'-1',-1,'-1',-1,'-1',-1,'-1',-1,-1,0),('2024090905020','赵宇航','-1',-1,'-1',-1,'-1',-1,'-1',-1,'-1',-1,'-1',-1,'-1',-1,'-1',-1,'-1',-1,'-1',-1,'-1',-1,'-1',-1,-1,0),('2024090905023','YuRen','-1',-1,'-1',-1,'-1',-1,'-1',-1,'-1',-1,'-1',-1,'-1',-1,'-1',-1,'-1',-1,'-1',-1,'-1',-1,'-1',-1,-1,0),('2024090906006','Loch','https://github.com/Atom112/GlimmerJAVA-01',86,'https://github.com/Atom112/GlimmerJAVA-02',88,'-1',-1,'-1',-1,'-1',-1,'-1',-1,'-1',-1,'-1',-1,'-1',-1,'-1',-1,'-1',-1,'-1',-1,2,174),('2024090906025','lyc','-1',-1,'-1',-1,'-1',-1,'-1',-1,'-1',-1,'-1',-1,'-1',-1,'-1',-1,'-1',-1,'-1',-1,'-1',-1,'-1',-1,-1,0),('2024090906026','代周','https://github.com/gobackhighshool/taskfirstblood.git',0,'-1',-1,'-1',-1,'-1',-1,'-1',-1,'-1',-1,'-1',-1,'-1',-1,'-1',-1,'-1',-1,'-1',-1,'-1',-1,-1,0),('2024090906027','胡天琦','-1',-1,'-1',-1,'-1',-1,'-1',-1,'-1',-1,'-1',-1,'-1',-1,'-1',-1,'-1',-1,'-1',-1,'-1',-1,'-1',-1,-1,0),('2024090906029','qiyiguo','https://github.com/qiqiyiyiguo/glimmer-2024090906029--',94,'https://github.com/qiqiyiyiguo/glimmer-2024090906029--',90,'https://github.com/qiqiyiyiguo/glimmer-2024090906029--',0,'-1',-1,'-1',-1,'-1',-1,'-1',-1,'-1',-1,'-1',-1,'-1',-1,'-1',-1,'-1',-1,2,184),('2024090908005','stavarry','https://github.com/Starrydure/beginning.git',83,'-1',-1,'-1',-1,'-1',-1,'-1',-1,'-1',-1,'-1',-1,'-1',-1,'-1',-1,'-1',-1,'-1',-1,'-1',-1,1,83),('2024090908006','梁盛杰','-1',-1,'-1',-1,'-1',-1,'-1',-1,'-1',-1,'-1',-1,'-1',-1,'-1',-1,'-1',-1,'-1',-1,'-1',-1,'-1',-1,-1,0),('2024090908012','你好再见','-1',-1,'-1',-1,'-1',-1,'-1',-1,'-1',-1,'-1',-1,'-1',-1,'-1',-1,'-1',-1,'-1',-1,'-1',-1,'-1',-1,-1,0),('2024090908015','silence','https://gitee.com/silence-mo/2024090908015.git',0,'-1',-1,'-1',-1,'-1',-1,'-1',-1,'-1',-1,'-1',-1,'-1',-1,'-1',-1,'-1',-1,'-1',-1,'-1',-1,-1,0),('2024090908016','lifng0','-1',-1,'-1',-1,'-1',-1,'-1',-1,'-1',-1,'-1',-1,'-1',-1,'-1',-1,'-1',-1,'-1',-1,'-1',-1,'-1',-1,-1,0),('2024090908017','Alexander','https://github.com/Alexander00985/submit.git',93,'https://github.com/Alexander00985/submit.git',0,'-1',-1,'-1',-1,'-1',-1,'-1',-1,'-1',-1,'-1',-1,'-1',-1,'-1',-1,'-1',-1,'-1',-1,1,93),('2024090909005','mihawk','-1',-1,'-1',-1,'-1',-1,'-1',-1,'-1',-1,'-1',-1,'-1',-1,'-1',-1,'-1',-1,'-1',-1,'-1',-1,'-1',-1,-1,0),('2024090909029','三水日月','https://github.com/sanshuiriyue111/glimmer.git',0,'-1',-1,'-1',-1,'-1',-1,'-1',-1,'-1',-1,'-1',-1,'-1',-1,'-1',-1,'-1',-1,'-1',-1,'-1',-1,-1,0),('2024090910005','热心网友宁桑.','https://github.com/Itachi23333/2024090910005---Java/blob/main/answers1.pdf',0,'https://github.com/Itachi23333/2024090910005---Java/blob/main/answers2.pdf',0,'https://github.com/Itachi23333/2024090910005---Java/blob/main/answers3.pdf',0,'https://github.com/Itachi23333/2024090910005---Java/blob/main/answers4.pdf',0,'-1',-1,'-1',-1,'-1',-1,'-1',-1,'-1',-1,'-1',-1,'-1',-1,'-1',-1,-1,0),('2024090910008','观中华之崛起','-1',-1,'-1',-1,'-1',-1,'-1',-1,'-1',-1,'-1',-1,'-1',-1,'-1',-1,'-1',-1,'-1',-1,'-1',-1,'-1',-1,-1,0),('2024090910009','dwdyy','-1',-1,'-1',-1,'-1',-1,'-1',-1,'-1',-1,'-1',-1,'-1',-1,'-1',-1,'-1',-1,'-1',-1,'-1',-1,'-1',-1,-1,0),('2024090910016','Bamboo','-1',-1,'-1',-1,'-1',-1,'-1',-1,'-1',-1,'-1',-1,'-1',-1,'-1',-1,'-1',-1,'-1',-1,'-1',-1,'-1',-1,-1,0),('2024090911018','24-杨汉唐','-1',-1,'-1',-1,'-1',-1,'-1',-1,'-1',-1,'-1',-1,'-1',-1,'-1',-1,'-1',-1,'-1',-1,'-1',-1,'-1',-1,-1,0),('2024090911022','Jay','-1',-1,'-1',-1,'-1',-1,'-1',-1,'-1',-1,'-1',-1,'-1',-1,'-1',-1,'-1',-1,'-1',-1,'-1',-1,'-1',-1,-1,0),('2024090913005','EnPos','-1',-1,'-1',-1,'-1',-1,'-1',-1,'-1',-1,'-1',-1,'-1',-1,'-1',-1,'-1',-1,'-1',-1,'-1',-1,'-1',-1,-1,0),('2024090913018','caozhanhao','-1',-1,'-1',-1,'-1',-1,'-1',-1,'-1',-1,'-1',-1,'-1',-1,'-1',-1,'-1',-1,'-1',-1,'-1',-1,'-1',-1,-1,0),('2024090913028','李子晴','-1',-1,'-1',-1,'-1',-1,'-1',-1,'-1',-1,'-1',-1,'-1',-1,'-1',-1,'-1',-1,'-1',-1,'-1',-1,'-1',-1,-1,0),('2024090914001','annareason','-1',-1,'-1',-1,'-1',-1,'-1',-1,'-1',-1,'-1',-1,'-1',-1,'-1',-1,'-1',-1,'-1',-1,'-1',-1,'-1',-1,-1,0),('2024090914002','zhang','-1',-1,'-1',-1,'-1',-1,'-1',-1,'-1',-1,'-1',-1,'-1',-1,'-1',-1,'-1',-1,'-1',-1,'-1',-1,'-1',-1,-1,0),('2024090914007','JKong','https://github.com/JkongC/ori.git',93,'https://github.com/JkongC/ori.git',94,'https://github.com/JkongC/ori.git',0,'-1',-1,'-1',-1,'-1',-1,'-1',-1,'-1',-1,'-1',-1,'-1',-1,'-1',-1,'-1',-1,2,187),('2024090914009','c4rn','-1',-1,'-1',-1,'-1',-1,'-1',-1,'-1',-1,'-1',-1,'-1',-1,'-1',-1,'-1',-1,'-1',-1,'-1',-1,'-1',-1,-1,0),('2024090914010','刘彦伯','-1',-1,'-1',-1,'-1',-1,'-1',-1,'-1',-1,'-1',-1,'-1',-1,'-1',-1,'-1',-1,'-1',-1,'-1',-1,'-1',-1,-1,0),('2024090914012','Andue','-1',-1,'-1',-1,'-1',-1,'-1',-1,'-1',-1,'-1',-1,'-1',-1,'-1',-1,'-1',-1,'-1',-1,'-1',-1,'-1',-1,-1,0),('2024090914013','谢洪鸣','-1',-1,'-1',-1,'-1',-1,'-1',-1,'-1',-1,'-1',-1,'-1',-1,'-1',-1,'-1',-1,'-1',-1,'-1',-1,'-1',-1,-1,0),('2024090914015','lxq','-1',-1,'-1',-1,'-1',-1,'-1',-1,'-1',-1,'-1',-1,'-1',-1,'-1',-1,'-1',-1,'-1',-1,'-1',-1,'-1',-1,-1,0),('2024090914018','逐影`','-1',-1,'-1',-1,'-1',-1,'-1',-1,'-1',-1,'-1',-1,'-1',-1,'-1',-1,'-1',-1,'-1',-1,'-1',-1,'-1',-1,-1,0),('2024090914019','すい','-1',-1,'-1',-1,'-1',-1,'-1',-1,'-1',-1,'-1',-1,'-1',-1,'-1',-1,'-1',-1,'-1',-1,'-1',-1,'-1',-1,-1,0),('2024090914023','hurundong','-1',-1,'-1',-1,'-1',-1,'-1',-1,'-1',-1,'-1',-1,'-1',-1,'-1',-1,'-1',-1,'-1',-1,'-1',-1,'-1',-1,-1,0),('2024090915011','小雨转晴','-1',-1,'-1',-1,'-1',-1,'-1',-1,'-1',-1,'-1',-1,'-1',-1,'-1',-1,'-1',-1,'-1',-1,'-1',-1,'-1',-1,-1,0),('2024090915015','sleeeep','-1',-1,'-1',-1,'-1',-1,'-1',-1,'-1',-1,'-1',-1,'-1',-1,'-1',-1,'-1',-1,'-1',-1,'-1',-1,'-1',-1,-1,0),('2024091201004','MM','-1',-1,'-1',-1,'-1',-1,'-1',-1,'-1',-1,'-1',-1,'-1',-1,'-1',-1,'-1',-1,'-1',-1,'-1',-1,'-1',-1,-1,0),('2024091201011','6u0000','-1',-1,'-1',-1,'-1',-1,'-1',-1,'-1',-1,'-1',-1,'-1',-1,'-1',-1,'-1',-1,'-1',-1,'-1',-1,'-1',-1,-1,0),('2024091201013','Soul','git@github.com:Soulmate404/glimmer1.git',90,'https://github.com/Soulmate404/glimmer2.git',80,'https://github.com/Soulmate404/glimmer3.git',0,'-1',-1,'-1',-1,'-1',-1,'-1',-1,'-1',-1,'-1',-1,'-1',-1,'-1',-1,'-1',-1,2,170),('2024091202002','杨子坤','https://github.com/yzk470/yzk.git',0,'-1',-1,'-1',-1,'-1',-1,'-1',-1,'-1',-1,'-1',-1,'-1',-1,'-1',-1,'-1',-1,'-1',-1,'-1',-1,-1,0),('2024091202006','鹁霖','-1',-1,'-1',-1,'-1',-1,'-1',-1,'-1',-1,'-1',-1,'-1',-1,'-1',-1,'-1',-1,'-1',-1,'-1',-1,'-1',-1,-1,0),('2024091202010','juff','-1',-1,'-1',-1,'-1',-1,'-1',-1,'-1',-1,'-1',-1,'-1',-1,'-1',-1,'-1',-1,'-1',-1,'-1',-1,'-1',-1,-1,0),('2024091202014','张哲','-1',-1,'-1',-1,'-1',-1,'-1',-1,'-1',-1,'-1',-1,'-1',-1,'-1',-1,'-1',-1,'-1',-1,'-1',-1,'-1',-1,-1,0),('2024091202025','Tonks','-1',-1,'-1',-1,'-1',-1,'-1',-1,'-1',-1,'-1',-1,'-1',-1,'-1',-1,'-1',-1,'-1',-1,'-1',-1,'-1',-1,-1,0),('2024091203002','青子','-1',-1,'-1',-1,'-1',-1,'-1',-1,'-1',-1,'-1',-1,'-1',-1,'-1',-1,'-1',-1,'-1',-1,'-1',-1,'-1',-1,-1,0),('2024091203006','threbeaa','-1',-1,'-1',-1,'-1',-1,'-1',-1,'-1',-1,'-1',-1,'-1',-1,'-1',-1,'-1',-1,'-1',-1,'-1',-1,'-1',-1,-1,0),('2024091203007','沈誉隆','-1',-1,'-1',-1,'-1',-1,'-1',-1,'-1',-1,'-1',-1,'-1',-1,'-1',-1,'-1',-1,'-1',-1,'-1',-1,'-1',-1,-1,0),('2024091203027','XYXYXY','https://github.com/XY172XY/XY-s-github',95,'https://github.com/XY172XY/XY-s-github',85,'https://github.com/XY172XY/XY-s-github',0,'https://github.com/XY172XY/XY-s-github',0,'https://github.com/XY172XY/XY-s-github',0,'https://github.com/XY172XY/XY-s-github',0,'-1',-1,'-1',-1,'-1',-1,'-1',-1,'-1',-1,'-1',-1,2,180),('2024091203030','AAA小玉鼎边糊','https://github.com/AAAxiaoyudingbianhu/Java-01.git',0,'-1',-1,'-1',-1,'-1',-1,'-1',-1,'-1',-1,'-1',-1,'-1',-1,'-1',-1,'-1',-1,'-1',-1,'-1',-1,-1,0),('2024091299002','hsttz','-1',-1,'-1',-1,'-1',-1,'-1',-1,'-1',-1,'-1',-1,'-1',-1,'-1',-1,'-1',-1,'-1',-1,'-1',-1,'-1',-1,-1,0),('2024091601010','Carl','-1',-1,'-1',-1,'-1',-1,'-1',-1,'-1',-1,'-1',-1,'-1',-1,'-1',-1,'-1',-1,'-1',-1,'-1',-1,'-1',-1,-1,0),('2024091601012','浪涌乾坤','-1',-1,'-1',-1,'-1',-1,'-1',-1,'-1',-1,'-1',-1,'-1',-1,'-1',-1,'-1',-1,'-1',-1,'-1',-1,'-1',-1,-1,0),('2024091601015','wwt','https://github.com/Endure-123/2024091601015---wangwentao---JAVA-01.git',0,'https://github.com/Endure-123/2024091601015-wangwentao-02.git',0,'-1',-1,'-1',-1,'-1',-1,'-1',-1,'-1',-1,'-1',-1,'-1',-1,'-1',-1,'-1',-1,'-1',-1,-1,0),('2024091602001','Martin','-1',-1,'-1',-1,'-1',-1,'-1',-1,'-1',-1,'-1',-1,'-1',-1,'-1',-1,'-1',-1,'-1',-1,'-1',-1,'-1',-1,-1,0),('2024091602004','yuan','-1',-1,'-1',-1,'-1',-1,'-1',-1,'-1',-1,'-1',-1,'-1',-1,'-1',-1,'-1',-1,'-1',-1,'-1',-1,'-1',-1,-1,0),('2024091602007','18234919084','C:\\Program Files\\Java\\jdk-23',0,'-1',-1,'-1',-1,'-1',-1,'-1',-1,'-1',-1,'-1',-1,'-1',-1,'-1',-1,'-1',-1,'-1',-1,'-1',-1,-1,0),('2024091602017','Jensen','-1',-1,'-1',-1,'-1',-1,'-1',-1,'-1',-1,'-1',-1,'-1',-1,'-1',-1,'-1',-1,'-1',-1,'-1',-1,'-1',-1,-1,0),('2024091603009','cyh','https://github.com/cyh6213/diyiti.git',0,'https://github.com/cyh6213/diyiti.git',0,'-1',-1,'-1',-1,'-1',-1,'-1',-1,'-1',-1,'-1',-1,'-1',-1,'-1',-1,'-1',-1,'-1',-1,-1,0),('2024091603016','Stevie','-1',-1,'-1',-1,'-1',-1,'-1',-1,'-1',-1,'-1',-1,'-1',-1,'-1',-1,'-1',-1,'-1',-1,'-1',-1,'-1',-1,-1,0),('2024091603022','FriedrichC','-1',-1,'-1',-1,'-1',-1,'-1',-1,'-1',-1,'-1',-1,'-1',-1,'-1',-1,'-1',-1,'-1',-1,'-1',-1,'-1',-1,-1,0),('2024091603025','游客12345','-1',-1,'-1',-1,'-1',-1,'-1',-1,'-1',-1,'-1',-1,'-1',-1,'-1',-1,'-1',-1,'-1',-1,'-1',-1,'-1',-1,-1,0),('2024130102014','BDGN','-1',-1,'-1',-1,'-1',-1,'-1',-1,'-1',-1,'-1',-1,'-1',-1,'-1',-1,'-1',-1,'-1',-1,'-1',-1,'-1',-1,-1,0),('465468489798','re','-1',-1,'-1',-1,'-1',-1,'-1',-1,'-1',-1,'-1',-1,'-1',-1,'-1',-1,'-1',-1,'-1',-1,'-1',-1,'-1',-1,-1,0);
/*!40000 ALTER TABLE `Java方向答题` ENABLE KEYS */;
UNLOCK TABLES;

--
-- Table structure for table `c方向答题`
--

DROP TABLE IF EXISTS `c方向答题`;
/*!40101 SET @saved_cs_client     = @@character_set_client */;
/*!50503 SET character_set_client = utf8mb4 */;
CREATE TABLE `c方向答题` (
  `studentid` char(20) NOT NULL COMMENT '学号',
  `username` char(20) NOT NULL COMMENT '用户名',
  `question1` varchar(255) DEFAULT '-1' COMMENT '问题1',
  `score1` int DEFAULT '-1' COMMENT '第一道题的成绩',
  `question2` varchar(255) DEFAULT '-1' COMMENT '问题2',
  `score2` int DEFAULT '-1' COMMENT '第二道题的成绩',
  `question3` varchar(255) DEFAULT '-1' COMMENT '问题3',
  `score3` int DEFAULT '-1' COMMENT '第三道题的成绩',
  `question4` varchar(255) DEFAULT '-1' COMMENT '问题4',
  `score4` int DEFAULT '-1' COMMENT '第四道题的成绩',
  `question5` varchar(255) DEFAULT '-1' COMMENT '问题5',
  `score5` int DEFAULT '-1' COMMENT '第五道题的成绩',
  `question6` varchar(255) DEFAULT '-1' COMMENT '问题6',
  `score6` int DEFAULT '-1' COMMENT '第六道题的成绩',
  `question7` varchar(255) DEFAULT '-1' COMMENT '问题7',
  `score7` int DEFAULT '-1' COMMENT '第七道题的成绩',
  `question8` varchar(255) DEFAULT '-1' COMMENT '问题8',
  `score8` int DEFAULT '-1' COMMENT '第八道题的成绩',
  `question9` varchar(255) DEFAULT '-1' COMMENT '问题9',
  `score9` int DEFAULT '-1' COMMENT '第九道题的成绩',
  `question10` varchar(255) DEFAULT '-1' COMMENT '问题10',
  `score10` int DEFAULT '-1' COMMENT '第十道题的成绩',
  `question11` varchar(255) DEFAULT '-1' COMMENT '问题11',
  `score11` int DEFAULT '-1' COMMENT '第十一道题的成绩',
  `question12` varchar(255) DEFAULT '-1' COMMENT '问题12',
  `score12` int DEFAULT '-1' COMMENT '第十二道题的成绩',
  `tests` int DEFAULT '-1' COMMENT '过题数',
  `total_score` int DEFAULT '0' COMMENT '总成绩',
  PRIMARY KEY (`studentid`),
  UNIQUE KEY `c方向答题_pk_2` (`studentid`)
) ENGINE=InnoDB DEFAULT CHARSET=utf8mb4 COLLATE=utf8mb4_0900_ai_ci COMMENT='c方向的答题和成绩';
/*!40101 SET character_set_client = @saved_cs_client */;

--
-- Dumping data for table `c方向答题`
--

LOCK TABLES `c方向答题` WRITE;
/*!40000 ALTER TABLE `c方向答题` DISABLE KEYS */;
INSERT INTO `c方向答题` VALUES ('2020091203010','wtr','-1',-1,'-1',-1,'select * form *',0,'1',0,'-1',-1,'-1',-1,'-1',-1,'-1',-1,'-1',-1,'-1',-1,'-1',-1,'-1',-1,-1,0),('2021090902022','luminous','-1',-1,'-1',-1,'-1',-1,'-1',-1,'-1',-1,'-1',-1,'-1',-1,'-1',-1,'-1',-1,'-1',-1,'-1',-1,'-1',-1,-1,0),('2021090902026','18213095017','-1',-1,'-1',-1,'-1',-1,'-1',-1,'-1',-1,'-1',-1,'-1',-1,'-1',-1,'-1',-1,'-1',-1,'-1',-1,'-1',-1,-1,0),('2021090916028','Bri1987','-1',-1,'-1',-1,'-1',-1,'-1',-1,'-1',-1,'-1',-1,'-1',-1,'-1',-1,'-1',-1,'-1',-1,'-1',-1,'-1',-1,-1,0),('2021091201012','年老的杨','-1',-1,'-1',-1,'-1',-1,'-1',-1,'-1',-1,'-1',-1,'-1',-1,'-1',-1,'-1',-1,'-1',-1,'-1',-1,'-1',-1,-1,0),('2022090921432','sbljl','https://github.com/stanford-cs149/cs149gpt',0,'-1',-1,'-1',-1,'-1',-1,'-1',-1,'-1',-1,'-1',-1,'-1',-1,'-1',-1,'-1',-1,'-1',-1,'-1',-1,0,0),('2022091602007','lpl','-1',-1,'-1',-1,'-1',-1,'-1',-1,'-1',-1,'-1',-1,'-1',-1,'-1',-1,'-1',-1,'-1',-1,'-1',-1,'-1',-1,-1,0),('2022999999999','liam','-1',-1,'git@github.com:KMSorSMS/embassy_preempt.git',0,'-1',-1,'-1',-1,'-1',-1,'-1',-1,'-1',-1,'-1',-1,'-1',-1,'-1',-1,'-1',-1,'-1',-1,-1,0),('2023','皇帝','-1',-1,'-1',-1,'-1',-1,'-1',-1,'-1',-1,'-1',-1,'-1',-1,'-1',-1,'-1',-1,'-1',-1,'-1',-1,'-1',-1,-1,0),('2023090901007','Haruhi','-1',-1,'-1',-1,'-1',-1,'-1',-1,'-1',-1,'-1',-1,'-1',-1,'-1',-1,'-1',-1,'-1',-1,'-1',-1,'-1',-1,-1,0),('2023090902009','syh','-1',-1,'-1',-1,'-1',-1,'-1',-1,'-1',-1,'-1',-1,'-1',-1,'-1',-1,'-1',-1,'-1',-1,'-1',-1,'-1',-1,-1,0),('2023090903003','fortitude','-1',-1,'-1',-1,'-1',-1,'-1',-1,'m',0,'m',0,'-1',-1,'-1',-1,'-1',-1,'-1',-1,'',0,'-1',-1,-1,0),('2023090903025','一个老实的es妹','-1',-1,'-1',-1,'-1',-1,'-1',-1,'-1',-1,'-1',-1,'-1',-1,'-1',-1,'-1',-1,'-1',-1,'-1',-1,'-1',-1,-1,0),('2023090904005',' hanphone','-1',-1,'-1',-1,'-1',-1,'-1',-1,'-1',-1,'-1',-1,'-1',-1,'-1',-1,'-1',-1,'-1',-1,'-1',-1,'-1',-1,-1,0),('2023090905000','BigBen','-1',-1,'-1',-1,'-1',-1,'-1',-1,'-1',-1,'-1',-1,'-1',-1,'-1',-1,'-1',-1,'-1',-1,'-1',-1,'-1',-1,-1,0),('2023090908006','MISAKA','baka工软皇帝',0,'ok',0,'-1',-1,'-1',-1,'saca',0,'-1',-1,'-1',-1,'-1',-1,'-1',-1,'-1',-1,'-1',-1,'-1',-1,0,0),('2023090909027','有机废料','-1',-1,'-1',-1,'-1',-1,'-1',-1,'-1',-1,'-1',-1,'-1',-1,'-1',-1,'-1',-1,'-1',-1,'-1',-1,'-1',-1,-1,0),('2023091111111','fzs','-1',-1,'-1',-1,'-1',-1,'-1',-1,'-1',-1,'-1',-1,'-1',-1,'-1',-1,'-1',-1,'-1',-1,'-1',-1,'-1',-1,-1,0),('2023091204014','ISEKAI','-1',-1,'-1',-1,'-1',-1,'-1',-1,'-1',-1,'-1',-1,'-1',-1,'-1',-1,'-1',-1,'-1',-1,'-1',-1,'-1',-1,-1,0),('2023091204021','MURAMASA','-1',-1,'-1',-1,'-1',-1,'-1',-1,'-1',-1,'-1',-1,'-1',-1,'-1',-1,'-1',-1,'-1',-1,'-1',-1,'-1',-1,-1,0),('2023091601016','zded','-1',-1,'-1',-1,'-1',-1,'-1',-1,'-1',-1,'-1',-1,'-1',-1,'-1',-1,'-1',-1,'-1',-1,'-1',-1,'-1',-1,-1,0),('2023130201009','Ghin','-1',-1,'-1',-1,'-1',-1,'-1',-1,'-1',-1,'-1',-1,'-1',-1,'-1',-1,'-1',-1,'-1',-1,'-1',-1,'-1',-1,-1,0),('2024090901007','Doring','https://github.com/Dor1ng/Glimmer-CS-EASY-01.git',100,'-1',-1,'-1',-1,'-1',-1,'-1',-1,'-1',-1,'-1',-1,'-1',-1,'-1',-1,'-1',-1,'-1',-1,'-1',-1,1,100),('2024090902014','我是周防有希的狗','-1',-1,'-1',-1,'-1',-1,'-1',-1,'-1',-1,'-1',-1,'-1',-1,'-1',-1,'-1',-1,'-1',-1,'-1',-1,'-1',-1,-1,0),('2024090902022','dsc','-1',-1,'-1',-1,'-1',-1,'-1',-1,'-1',-1,'-1',-1,'-1',-1,'-1',-1,'-1',-1,'-1',-1,'-1',-1,'-1',-1,-1,0),('2024090903011','不是山谷','-1',-1,'-1',-1,'-1',-1,'-1',-1,'-1',-1,'-1',-1,'-1',-1,'-1',-1,'-1',-1,'-1',-1,'-1',-1,'-1',-1,-1,0),('2024090903027','苏沫','-1',-1,'-1',-1,'-1',-1,'-1',-1,'-1',-1,'-1',-1,'-1',-1,'-1',-1,'-1',-1,'-1',-1,'-1',-1,'-1',-1,-1,0),('2024090903030','蒋州婷','-1',-1,'-1',-1,'-1',-1,'-1',-1,'-1',-1,'-1',-1,'-1',-1,'-1',-1,'-1',-1,'-1',-1,'-1',-1,'-1',-1,-1,0),('2024090904002','My_hanshaung','https://github.com/Myhanshuang/glimmer/tree/main/problem1',100,'-1',-1,'-1',-1,'-1',-1,'-1',-1,'-1',-1,'-1',-1,'-1',-1,'-1',-1,'-1',-1,'-1',-1,'-1',-1,1,100),('2024090904015','edragain','-1',-1,'-1',-1,'-1',-1,'-1',-1,'-1',-1,'-1',-1,'-1',-1,'-1',-1,'-1',-1,'-1',-1,'-1',-1,'-1',-1,-1,0),('2024090905014','cake','https://github.com/fanrea/1111',80,'-1',-1,'-1',-1,'-1',-1,'-1',-1,'-1',-1,'-1',-1,'-1',-1,'-1',-1,'-1',-1,'-1',-1,'-1',-1,1,80),('2024090905020','赵宇航','-1',-1,'-1',-1,'-1',-1,'-1',-1,'-1',-1,'-1',-1,'-1',-1,'-1',-1,'-1',-1,'-1',-1,'-1',-1,'-1',-1,-1,0),('2024090905023','YuRen','https://github.com/cheng77-debug/CS-EASY-01-',98,'-1',-1,'-1',-1,'-1',-1,'-1',-1,'-1',-1,'-1',-1,'-1',-1,'-1',-1,'-1',-1,'-1',-1,'-1',-1,1,98),('2024090906006','Loch','-1',-1,'-1',-1,'-1',-1,'-1',-1,'-1',-1,'-1',-1,'-1',-1,'-1',-1,'-1',-1,'-1',-1,'-1',-1,'-1',-1,-1,0),('2024090906025','lyc','-1',-1,'-1',-1,'-1',-1,'-1',-1,'-1',-1,'-1',-1,'-1',-1,'-1',-1,'-1',-1,'-1',-1,'-1',-1,'-1',-1,-1,0),('2024090906026','代周','-1',-1,'-1',-1,'-1',-1,'-1',-1,'-1',-1,'-1',-1,'-1',-1,'-1',-1,'-1',-1,'-1',-1,'-1',-1,'-1',-1,-1,0),('2024090906027','胡天琦','-1',-1,'-1',-1,'-1',-1,'-1',-1,'-1',-1,'-1',-1,'-1',-1,'-1',-1,'-1',-1,'-1',-1,'-1',-1,'-1',-1,-1,0),('2024090906029','qiyiguo','-1',-1,'-1',-1,'-1',-1,'-1',-1,'-1',-1,'-1',-1,'-1',-1,'-1',-1,'-1',-1,'-1',-1,'-1',-1,'-1',-1,-1,0),('2024090908005','stavarry','-1',-1,'-1',-1,'-1',-1,'-1',-1,'-1',-1,'-1',-1,'-1',-1,'-1',-1,'-1',-1,'-1',-1,'-1',-1,'-1',-1,-1,0),('2024090908006','梁盛杰','https://github.com/dcbboys/school.git',80,'-1',-1,'-1',-1,'-1',-1,'-1',-1,'-1',-1,'-1',-1,'-1',-1,'-1',-1,'-1',-1,'-1',-1,'-1',-1,1,80),('2024090908012','你好再见','-1',-1,'-1',-1,'-1',-1,'-1',-1,'-1',-1,'-1',-1,'-1',-1,'-1',-1,'-1',-1,'-1',-1,'-1',-1,'-1',-1,-1,0),('2024090908015','silence','-1',-1,'-1',-1,'-1',-1,'-1',-1,'-1',-1,'-1',-1,'-1',-1,'-1',-1,'-1',-1,'-1',-1,'-1',-1,'-1',-1,-1,0),('2024090908016','lifng0','-1',-1,'-1',-1,'-1',-1,'-1',-1,'-1',-1,'-1',-1,'-1',-1,'-1',-1,'-1',-1,'-1',-1,'-1',-1,'-1',-1,-1,0),('2024090908017','Alexander','-1',-1,'-1',-1,'-1',-1,'-1',-1,'-1',-1,'-1',-1,'-1',-1,'-1',-1,'-1',-1,'-1',-1,'-1',-1,'-1',-1,-1,0),('2024090909005','mihawk','-1',-1,'-1',-1,'-1',-1,'-1',-1,'-1',-1,'-1',-1,'-1',-1,'-1',-1,'-1',-1,'-1',-1,'-1',-1,'-1',-1,-1,0),('2024090909029','三水日月','-1',-1,'-1',-1,'-1',-1,'-1',-1,'-1',-1,'-1',-1,'-1',-1,'-1',-1,'-1',-1,'-1',-1,'-1',-1,'-1',-1,-1,0),('2024090910005','热心网友宁桑.','-1',-1,'-1',-1,'-1',-1,'-1',-1,'-1',-1,'-1',-1,'-1',-1,'-1',-1,'-1',-1,'-1',-1,'-1',-1,'-1',-1,-1,0),('2024090910008','观中华之崛起','-1',-1,'-1',-1,'-1',-1,'-1',-1,'-1',-1,'-1',-1,'-1',-1,'-1',-1,'-1',-1,'-1',-1,'-1',-1,'-1',-1,-1,0),('2024090910009','dwdyy','-1',-1,'-1',-1,'-1',-1,'-1',-1,'-1',-1,'-1',-1,'-1',-1,'-1',-1,'-1',-1,'-1',-1,'-1',-1,'-1',-1,-1,0),('2024090910016','Bamboo','https://github.com/bambooclc/Glimmer-CS-EASY-01.git',0,'-1',-1,'-1',-1,'-1',-1,'-1',-1,'-1',-1,'-1',-1,'-1',-1,'-1',-1,'-1',-1,'-1',-1,'-1',-1,-1,0),('2024090911018','24-杨汉唐','-1',-1,'-1',-1,'-1',-1,'-1',-1,'-1',-1,'-1',-1,'-1',-1,'-1',-1,'-1',-1,'-1',-1,'-1',-1,'-1',-1,-1,0),('2024090911022','Jay','-1',-1,'-1',-1,'-1',-1,'-1',-1,'-1',-1,'-1',-1,'-1',-1,'-1',-1,'-1',-1,'-1',-1,'-1',-1,'-1',-1,-1,0),('2024090913005','EnPos','-1',-1,'-1',-1,'-1',-1,'-1',-1,'-1',-1,'-1',-1,'-1',-1,'-1',-1,'-1',-1,'-1',-1,'-1',-1,'-1',-1,-1,0),('2024090913018','caozhanhao','-1',-1,'-1',-1,'-1',-1,'-1',-1,'-1',-1,'-1',-1,'-1',-1,'-1',-1,'-1',-1,'-1',-1,'-1',-1,'-1',-1,-1,0),('2024090913028','李子晴','-1',-1,'-1',-1,'-1',-1,'-1',-1,'-1',-1,'-1',-1,'-1',-1,'-1',-1,'-1',-1,'-1',-1,'-1',-1,'-1',-1,-1,0),('2024090914001','annareason','-1',-1,'-1',-1,'-1',-1,'-1',-1,'-1',-1,'-1',-1,'-1',-1,'-1',-1,'-1',-1,'-1',-1,'-1',-1,'-1',-1,-1,0),('2024090914002','zhang','-1',-1,'-1',-1,'-1',-1,'-1',-1,'-1',-1,'-1',-1,'-1',-1,'-1',-1,'-1',-1,'-1',-1,'-1',-1,'-1',-1,-1,0),('2024090914007','JKong','-1',-1,'-1',-1,'-1',-1,'-1',-1,'-1',-1,'-1',-1,'-1',-1,'-1',-1,'-1',-1,'-1',-1,'-1',-1,'-1',-1,-1,0),('2024090914009','c4rn','-1',-1,'-1',-1,'-1',-1,'-1',-1,'-1',-1,'-1',-1,'-1',-1,'-1',-1,'-1',-1,'-1',-1,'-1',-1,'-1',-1,-1,0),('2024090914010','刘彦伯','https://github.com/luidw2/2024090914010---CS-01.git',80,'-1',-1,'-1',-1,'-1',-1,'-1',-1,'-1',-1,'-1',-1,'-1',-1,'-1',-1,'-1',-1,'-1',-1,'-1',-1,1,80),('2024090914012','Andue','https://github.com/wwwwwwwq/Andue.git',0,'-1',-1,'-1',-1,'-1',-1,'-1',-1,'-1',-1,'-1',-1,'-1',-1,'-1',-1,'-1',-1,'-1',-1,'-1',-1,1,92),('2024090914013','谢洪鸣','https://github.com/11xhm/Glimmer-CS--EASY---01-/blob/main/README.md',100,'-1',-1,'-1',-1,'-1',-1,'-1',-1,'-1',-1,'-1',-1,'-1',-1,'-1',-1,'-1',-1,'-1',-1,'-1',-1,1,100),('2024090914015','lxq','-1',-1,'-1',-1,'-1',-1,'-1',-1,'-1',-1,'-1',-1,'-1',-1,'-1',-1,'-1',-1,'-1',-1,'-1',-1,'-1',-1,-1,0),('2024090914018','逐影`','https://github.com/24k-zhuying/Glimmer-CS--EASY---01-?tab=readme-ov-file',100,'-1',-1,'-1',-1,'-1',-1,'-1',-1,'-1',-1,'-1',-1,'-1',-1,'-1',-1,'-1',-1,'-1',-1,'-1',-1,1,100),('2024090914019','すい','-1',-1,'-1',-1,'-1',-1,'-1',-1,'-1',-1,'-1',-1,'-1',-1,'-1',-1,'-1',-1,'-1',-1,'-1',-1,'-1',-1,-1,0),('2024090914023','hurundong','https://github.com/HRDNB/Glimmer-CS-EASY-01',100,'-1',-1,'-1',-1,'-1',-1,'-1',-1,'-1',-1,'-1',-1,'-1',-1,'-1',-1,'-1',-1,'-1',-1,'-1',-1,1,100),('2024090915011','小雨转晴','-1',-1,'-1',-1,'-1',-1,'-1',-1,'-1',-1,'-1',-1,'-1',-1,'-1',-1,'-1',-1,'-1',-1,'-1',-1,'-1',-1,-1,0),('2024090915015','sleeeep','-1',-1,'-1',-1,'-1',-1,'-1',-1,'-1',-1,'-1',-1,'-1',-1,'-1',-1,'-1',-1,'-1',-1,'-1',-1,'-1',-1,-1,0),('2024091201004','MM','-1',-1,'-1',-1,'-1',-1,'-1',-1,'-1',-1,'-1',-1,'-1',-1,'-1',-1,'-1',-1,'-1',-1,'-1',-1,'-1',-1,-1,0),('2024091201011','6u0000','-1',-1,'-1',-1,'-1',-1,'-1',-1,'-1',-1,'-1',-1,'-1',-1,'-1',-1,'-1',-1,'-1',-1,'-1',-1,'-1',-1,-1,0),('2024091201013','Soul','-1',-1,'-1',-1,'-1',-1,'-1',-1,'-1',-1,'-1',-1,'-1',-1,'-1',-1,'-1',-1,'-1',-1,'-1',-1,'-1',-1,-1,0),('2024091202002','杨子坤','-1',-1,'-1',-1,'-1',-1,'-1',-1,'-1',-1,'-1',-1,'-1',-1,'-1',-1,'-1',-1,'-1',-1,'-1',-1,'-1',-1,-1,0),('2024091202006','鹁霖','-1',-1,'-1',-1,'-1',-1,'-1',-1,'-1',-1,'-1',-1,'-1',-1,'-1',-1,'-1',-1,'-1',-1,'-1',-1,'-1',-1,-1,0),('2024091202010','juff','-1',-1,'-1',-1,'-1',-1,'-1',-1,'-1',-1,'-1',-1,'-1',-1,'-1',-1,'-1',-1,'-1',-1,'-1',-1,'-1',-1,-1,0),('2024091202014','张哲','-1',-1,'-1',-1,'-1',-1,'-1',-1,'-1',-1,'-1',-1,'-1',-1,'-1',-1,'-1',-1,'-1',-1,'-1',-1,'-1',-1,-1,0),('2024091202025','Tonks','-1',-1,'-1',-1,'-1',-1,'-1',-1,'-1',-1,'-1',-1,'-1',-1,'-1',-1,'-1',-1,'-1',-1,'-1',-1,'-1',-1,-1,0),('2024091203002','青子','-1',-1,'-1',-1,'-1',-1,'-1',-1,'-1',-1,'-1',-1,'-1',-1,'-1',-1,'-1',-1,'-1',-1,'-1',-1,'-1',-1,-1,0),('2024091203006','threbeaa','-1',-1,'-1',-1,'-1',-1,'-1',-1,'-1',-1,'-1',-1,'-1',-1,'-1',-1,'-1',-1,'-1',-1,'-1',-1,'-1',-1,-1,0),('2024091203007','沈誉隆','https://github.com/shenyulong-code/Glimmer-CS--EASY---01-',95,'-1',-1,'-1',-1,'-1',-1,'-1',-1,'-1',-1,'-1',-1,'-1',-1,'-1',-1,'-1',-1,'-1',-1,'-1',-1,1,95),('2024091203027','XYXYXY','-1',-1,'-1',-1,'-1',-1,'-1',-1,'-1',-1,'-1',-1,'-1',-1,'-1',-1,'-1',-1,'-1',-1,'-1',-1,'-1',-1,-1,0),('2024091203030','AAA小玉鼎边糊','-1',-1,'-1',-1,'-1',-1,'-1',-1,'-1',-1,'-1',-1,'-1',-1,'-1',-1,'-1',-1,'-1',-1,'-1',-1,'-1',-1,-1,0),('2024091299002','hsttz','-1',-1,'-1',-1,'-1',-1,'-1',-1,'-1',-1,'-1',-1,'-1',-1,'-1',-1,'-1',-1,'-1',-1,'-1',-1,'-1',-1,-1,0),('2024091601010','Carl','-1',-1,'-1',-1,'-1',-1,'-1',-1,'-1',-1,'-1',-1,'-1',-1,'-1',-1,'-1',-1,'-1',-1,'-1',-1,'-1',-1,-1,0),('2024091601012','浪涌乾坤','-1',-1,'-1',-1,'-1',-1,'-1',-1,'-1',-1,'-1',-1,'-1',-1,'-1',-1,'-1',-1,'-1',-1,'-1',-1,'-1',-1,-1,0),('2024091601015','wwt','-1',-1,'-1',-1,'-1',-1,'-1',-1,'-1',-1,'-1',-1,'-1',-1,'-1',-1,'-1',-1,'-1',-1,'-1',-1,'-1',-1,-1,0),('2024091602001','Martin','-1',-1,'-1',-1,'-1',-1,'-1',-1,'-1',-1,'-1',-1,'-1',-1,'-1',-1,'-1',-1,'-1',-1,'-1',-1,'-1',-1,-1,0),('2024091602004','yuan','-1',-1,'-1',-1,'-1',-1,'-1',-1,'-1',-1,'-1',-1,'-1',-1,'-1',-1,'-1',-1,'-1',-1,'-1',-1,'-1',-1,-1,0),('2024091602007','18234919084','-1',-1,'-1',-1,'-1',-1,'-1',-1,'-1',-1,'-1',-1,'-1',-1,'-1',-1,'-1',-1,'-1',-1,'-1',-1,'-1',-1,-1,0),('2024091602017','Jensen','-1',-1,'-1',-1,'-1',-1,'-1',-1,'-1',-1,'-1',-1,'-1',-1,'-1',-1,'-1',-1,'-1',-1,'-1',-1,'-1',-1,-1,0),('2024091603009','cyh','-1',-1,'-1',-1,'-1',-1,'-1',-1,'-1',-1,'-1',-1,'-1',-1,'-1',-1,'-1',-1,'-1',-1,'-1',-1,'-1',-1,-1,0),('2024091603016','Stevie','-1',-1,'-1',-1,'-1',-1,'-1',-1,'-1',-1,'-1',-1,'-1',-1,'-1',-1,'-1',-1,'-1',-1,'-1',-1,'-1',-1,-1,0),('2024091603022','FriedrichC','https://github.com/FriedrichC051/Glimmer-CS-EASY-01',100,'-1',-1,'-1',-1,'-1',-1,'-1',-1,'-1',-1,'-1',-1,'-1',-1,'-1',-1,'-1',-1,'-1',-1,'-1',-1,1,100),('2024091603025','游客12345','-1',-1,'-1',-1,'-1',-1,'-1',-1,'-1',-1,'-1',-1,'-1',-1,'-1',-1,'-1',-1,'-1',-1,'-1',-1,'-1',-1,-1,0),('2024130102014','BDGN','-1',-1,'-1',-1,'-1',-1,'-1',-1,'-1',-1,'-1',-1,'-1',-1,'-1',-1,'-1',-1,'-1',-1,'-1',-1,'-1',-1,-1,0),('465468489798','re','-1',-1,'-1',-1,'-1',-1,'-1',-1,'-1',-1,'-1',-1,'-1',-1,'-1',-1,'-1',-1,'-1',-1,'-1',-1,'-1',-1,-1,0);
/*!40000 ALTER TABLE `c方向答题` ENABLE KEYS */;
UNLOCK TABLES;

--
-- Table structure for table `registercode`
--

DROP TABLE IF EXISTS `registercode`;
/*!40101 SET @saved_cs_client     = @@character_set_client */;
/*!50503 SET character_set_client = utf8mb4 */;
CREATE TABLE `registercode` (
  `registercode` char(10) NOT NULL COMMENT '验证码'
) ENGINE=InnoDB DEFAULT CHARSET=utf8mb4 COLLATE=utf8mb4_0900_ai_ci COMMENT='验证码';
/*!40101 SET character_set_client = @saved_cs_client */;

--
-- Dumping data for table `registercode`
--

LOCK TABLES `registercode` WRITE;
/*!40000 ALTER TABLE `registercode` DISABLE KEYS */;
INSERT INTO `registercode` VALUES ('204306'),('184045'),('545114'),('219910'),('358671'),('672918'),('991688'),('106274'),('510164'),('444970'),('775659'),('476200'),('804850'),('586760'),('470074'),('819051'),('790522'),('846085'),('712434'),('183670'),('839709'),('543834'),('220256'),('927530'),('189699');
/*!40000 ALTER TABLE `registercode` ENABLE KEYS */;
UNLOCK TABLES;

--
-- Table structure for table `user`
--

DROP TABLE IF EXISTS `user`;
/*!40101 SET @saved_cs_client     = @@character_set_client */;
/*!50503 SET character_set_client = utf8mb4 */;
CREATE TABLE `user` (
  `studentid` char(30) NOT NULL COMMENT '学生id',
  `name` char(10) NOT NULL COMMENT '姓名',
  `email` char(25) NOT NULL COMMENT '邮箱',
  `password` char(25) NOT NULL COMMENT '密码',
  `username` char(20) NOT NULL COMMENT '用户名',
  PRIMARY KEY (`studentid`),
  UNIQUE KEY `user_pk` (`username`),
  UNIQUE KEY `user_pk_2` (`studentid`)
) ENGINE=InnoDB DEFAULT CHARSET=utf8mb4 COLLATE=utf8mb4_0900_ai_ci COMMENT='保存学生基本信息';
/*!40101 SET character_set_client = @saved_cs_client */;

--
-- Dumping data for table `user`
--

LOCK TABLES `user` WRITE;
/*!40000 ALTER TABLE `user` DISABLE KEYS */;
INSERT INTO `user` VALUES ('2020091203010','王韬然','xiafeng.li@foxmail.com','wtr','wtr'),('2021090902022','a','l@mcyou.cc','678678','luminous'),('2021090902026','林涵远','linhanyuan_km@163.com','678678','18213095017'),('2021090916028','刘诗月','lsy.bri1987@gmail.com','86756975Lsy','Bri1987'),('2021091201012','养成清','1219935161@qq.com','123456','年老的杨'),('2022090921432','sbljl','lijunlingbju@gmail.com','1234','sbljl'),('2022091602007','lpl','LLP_PLL@outlook.com','123456','lpl'),('2022999999999','袁子为','yzwliam@126.com','22333','liam'),('2023','皇帝','misaka_fu@qq.com','123456','皇帝'),('2023090901007','冯恒毅','2725411278@qq.com','Buchihuoguo123','Haruhi'),('2023090902009','Shan YiHao','shanyihao233@gmail.com','syh20041211','syh'),('2023090903003','fortitude','3386588492@qq.com','123456','fortitude'),('2023090903025','姜欣','2809816627@qq.com','jx2809816627','一个老实的es妹'),('2023090904005','韩子健','1195560097@qq.com','h1314520',' hanphone'),('2023090905000','黄炳嘉','13602438732@163.com','123456787','BigBen'),('2023090908006','舒德华','3062803169@qq.com','123456','MISAKA'),('2023090909027','刘亿轩','15928448056@qq.com','594613','有机废料'),('2023091111111','究极范哲水','3409723108@qq.com','123456','fzs'),('2023091204014','张凯','2575824162@qq.com','zk123456','ISEKAI'),('2023091204021','牢F','1017327044@qq.com','123456','MURAMASA'),('2023091601016','z','1727448271@qq.com','123456','zded'),('2023130201009','官伟豪','2839003252@qq.com','123456Ab','Ghin'),('2024090901007','李定霖','3249491721@qq.com','060529Li','Doring'),('2024090902014','付伟廷','3259528546@qq.com','060612@qq.com','我是周防有希的狗'),('2024090902022','段思辰','duansichen2000@163.com','1018Adele','dsc'),('2024090903011','邹易','2979734778@qq.com','zy20060411','不是山谷'),('2024090903027','朱泓谕','2146772902@qq.com','ZHYzhy06032281~','苏沫'),('2024090903030','蒋州婷','604716015@qq.com','rita060728','蒋州婷'),('2024090904002','胡杨','2774994572@qq.com','huyang0323HY','My_hanshaung'),('2024090904015','王勇','3425282590@qq.com','yugh/kl75','edragain'),('2024090905014','林仪','3096700385@qq.com','147258..','cake'),('2024090905020','赵宇航','yh2276202598@163.com','yh200510154','赵宇航'),('2024090905023','程宗健','2419373528@qq.com','98423ewaxc','YuRen'),('2024090906006','李韦成','3571937599@qq.com','usitech12306liweich','Loch'),('2024090906025','赖雨晨','974293272@qq.com','lyc751026','lyc'),('2024090906026','代周怡然','2445449611@qq.com','030311dz','代周'),('2024090906027','胡天琦',' 3947356492@qq.com','htq53372328','胡天琦'),('2024090906029','郭涵怡','3370256643@qq.com','ghy060330','qiyiguo'),('2024090908005','徐辰睿','1187477643@qq.com','Xcr694484456','stavarry'),('2024090908006','梁盛杰','shengjieliang3@gmail.com','ZziU5wBy:9!xN!E','梁盛杰'),('2024090908012','但家利','195225527@qq.com','123456','你好再见'),('2024090908015','陈思航','2432751282@qq.com','Cm240108010142','silence'),('2024090908016','倪宇斌','2870117846@qq.com','lyjlxh9122','lifng0'),('2024090908017','张宇轩','2130290183@qq.com','btgys97112','Alexander'),('2024090909005','于睿洋','2732310441@qq.com','Yyyyy1234567','mihawk'),('2024090909029','杨乐乐','yll061215@qq.com','ssry061215','三水日月'),('2024090910005','丁宁','3322640054@qq.com','dn693905..','热心网友宁桑.'),('2024090910008','华观中','1994868045@qq.com','113511Yqhs','观中华之崛起'),('2024090910009','王东威','3403504034@qq.com','12345678','dwdyy'),('2024090910016','占蒋灏','815152985@qq.com','20060525bbzjh','Bamboo'),('2024090911018','杨汉唐','2403000342@qq.com','Yht729921','24-杨汉唐'),('2024090911022','李柯阳','2142671963@qq.com','LiKeYang060504','Jay'),('2024090913005','吴禄阳','2716941116@qq.com','wwwlll1314','EnPos'),('2024090913018','曹展豪','cao2013zh@163.com','cao13066096055','caozhanhao'),('2024090913028','李子晴','1321230943@qq.com','ziqing20060826','李子晴'),('2024090914001','安佳宇','3774330896@qq.com','ajy486789','annareason'),('2024090914002','张淞博','1317154897@qq.com','zsb112807','zhang'),('2024090914007','黄博加','2637605680@qq.com','221088WG','JKong'),('2024090914009','徐宇辰','1744281853@qq.com','463003493q','c4rn'),('2024090914010','刘彦伯','2876082613@qq.com','m8846682','刘彦伯'),('2024090914012','陆秋航','2668825317@qq.com','8281410lqh','Andue'),('2024090914013','谢洪鸣','1395652199@qq.com','xhmlovelhy1314','谢洪鸣'),('2024090914015','吕啸卿','2602541646@qq.com','13859491886Aa','lxq'),('2024090914018','朱银','1329007256@qq.com','20061125zy','逐影`'),('2024090914019','吴雨航','2899304699@qq.com','wyh2899304699X','すい'),('2024090914023','胡润东','914964840@qq.com','hrd530530','hurundong'),('2024090915011','张杰','2016256404@qq.com','511525424499zjx','小雨转晴'),('2024090915015','李卓远','1742627241@qq.com','Lzy200684','sleeeep'),('2024091201004','毛睿','1507015236@qq.com','mmm85619562','MM'),('2024091201011','李元昊','lyhu0000@outlook.com','6u000000','6u0000'),('2024091201013','郭曜恺','1440342414@qq.com','guo12345','Soul'),('2024091202002','杨子坤','908522661@qq.com','yzk83567786','杨子坤'),('2024091202006','陈奕霖','2046193615@qq.com','cyl20050512','鹁霖'),('2024091202010','杨寓杰','1183452142@qq.com','06120612y','juff'),('2024091202014','张哲','1152974119@qq.com','@Zhangzhe0090155','张哲'),('2024091202025','唐孝玉','3064517736@qq.com','TXYq123456789q','Tonks'),('2024091203002','罗诗杰','3352859153@qq.com','wuliu1115','青子'),('2024091203006','古程宇','1917016796@qq.com','gcy060826','threbeaa'),('2024091203007','沈誉隆','1160579753@qq.com','Syl031010183?','沈誉隆'),('2024091203027','熊远','3303771708@qq.com','ZSshiSZ0WG','XYXYXY'),('2024091203030','吴芳玉','1852819538@qq.com','wfy2161873187','AAA小玉鼎边糊'),('2024091299002','hst','zengjoe@foxmail.com','hsttz401','hsttz'),('2024091601010','姜维','2773418187@qq.com','jw200611','Carl'),('2024091601012','杨皓涵','669518272@qq.com','QAZqaz1234','浪涌乾坤'),('2024091601015','王文涛','1540051885@qq.com','w15984611583','wwt'),('2024091602001','马天宇','3222628696@qq.com','880314mty','Martin'),('2024091602004','袁子涵','1183822445@qq.com','yuan20060721','yuan'),('2024091602007','杨盛业','3213291348@qq.com','yang123456789','18234919084'),('2024091602017','刘浩然','1485706570@qq.com','liuhr200410a','Jensen'),('2024091603009','程愚瀚','2952486829@qq.com','6213cyh6213','cyh'),('2024091603016','蔡竣臣','2050813343@qq.com','WcGj2c005','Stevie'),('2024091603022','陈俊谕','includemyemail@163.com','Aa5335116code','FriedrichC'),('2024091603025','李乐仪','297117442@qq.com','lly929666','游客12345'),('2024130102014','柳源昊','birdg0813@outlook.com','Hi6248.lY','BDGN'),('465468489798','asdasd','239148349@qq.com','123456','re');
/*!40000 ALTER TABLE `user` ENABLE KEYS */;
UNLOCK TABLES;

--
-- Table structure for table `前端方向答题`
--

DROP TABLE IF EXISTS `前端方向答题`;
/*!40101 SET @saved_cs_client     = @@character_set_client */;
/*!50503 SET character_set_client = utf8mb4 */;
CREATE TABLE `前端方向答题` (
  `studentid` char(20) NOT NULL COMMENT '学号',
  `username` char(20) NOT NULL COMMENT '用户名',
  `question1` varchar(255) DEFAULT '-1' COMMENT '问题1',
  `score1` int DEFAULT '-1' COMMENT '第一道题的成绩',
  `question2` varchar(255) DEFAULT '-1' COMMENT '问题2',
  `score2` int DEFAULT '-1' COMMENT '第二道题的成绩',
  `question3` varchar(255) DEFAULT '-1' COMMENT '问题3',
  `score3` int DEFAULT '-1' COMMENT '第三道题的成绩',
  `question4` varchar(255) DEFAULT '-1' COMMENT '问题4',
  `score4` int DEFAULT '-1' COMMENT '第四道题的成绩',
  `question5` varchar(255) DEFAULT '-1' COMMENT '问题5',
  `score5` int DEFAULT '-1' COMMENT '第五道题的成绩',
  `question6` varchar(255) DEFAULT '-1' COMMENT '问题6',
  `score6` int DEFAULT '-1' COMMENT '第六道题的成绩',
  `question7` varchar(255) DEFAULT '-1' COMMENT '问题7',
  `score7` int DEFAULT '-1' COMMENT '第七道题的成绩',
  `question8` varchar(255) DEFAULT '-1' COMMENT '问题8',
  `score8` int DEFAULT '-1' COMMENT '第八道题的成绩',
  `question9` varchar(255) DEFAULT '-1' COMMENT '问题9',
  `score9` int DEFAULT '-1' COMMENT '第九道题的成绩',
  `question10` varchar(255) DEFAULT '-1' COMMENT '问题10',
  `score10` int DEFAULT '-1' COMMENT '第十道题的成绩',
  `question11` varchar(255) DEFAULT '-1' COMMENT '问题11',
  `score11` int DEFAULT '-1' COMMENT '第十一道题的成绩',
  `question12` varchar(255) DEFAULT '-1' COMMENT '问题12',
  `score12` int DEFAULT '-1' COMMENT '第十二道题的成绩',
  `tests` int DEFAULT '-1' COMMENT '过题数',
  `total_score` int DEFAULT '0' COMMENT '总成绩',
  PRIMARY KEY (`studentid`),
  UNIQUE KEY `前端方向答题_pk_2` (`studentid`)
) ENGINE=InnoDB DEFAULT CHARSET=utf8mb4 COLLATE=utf8mb4_0900_ai_ci COMMENT='前端方向的答题和成绩';
/*!40101 SET character_set_client = @saved_cs_client */;

--
-- Dumping data for table `前端方向答题`
--

LOCK TABLES `前端方向答题` WRITE;
/*!40000 ALTER TABLE `前端方向答题` DISABLE KEYS */;
INSERT INTO `前端方向答题` VALUES ('2020091203010','wtr','-1',-1,'-1',-1,'-1',-1,'-1',-1,'-1',-1,'-1',-1,'-1',-1,'-1',-1,'-1',-1,'-1',-1,'-1',-1,'-1',-1,-1,0),('2021090902022','luminous','-1',-1,'-1',-1,'-1',-1,'-1',-1,'-1',-1,'-1',-1,'-1',-1,'-1',-1,'-1',-1,'-1',-1,'-1',-1,'-1',-1,-1,0),('2021090902026','18213095017','-1',-1,'-1',-1,'-1',-1,'-1',-1,'123',0,'-1',-1,'-1',-1,'-1',-1,'-1',-1,'-1',-1,'-1',-1,'-1',-1,-1,0),('2021090916028','Bri1987','-1',-1,'-1',-1,'-1',-1,'-1',-1,'-1',-1,'-1',-1,'-1',-1,'-1',-1,'-1',-1,'-1',-1,'-1',-1,'-1',-1,-1,0),('2021091201012','年老的杨','-1',-1,'-1',-1,'-1',-1,'-1',-1,'-1',-1,'-1',-1,'-1',-1,'-1',-1,'-1',-1,'-1',-1,'-1',-1,'-1',-1,-1,0),('2022090921432','sbljl','-1',-1,'-1',-1,'-1',-1,'-1',-1,'-1',-1,'-1',-1,'-1',-1,'-1',-1,'-1',-1,'-1',-1,'-1',-1,'-1',-1,-1,0),('2022091602007','lpl','-1',-1,'-1',-1,'-1',-1,'-1',-1,'-1',-1,'-1',-1,'-1',-1,'-1',-1,'-1',-1,'-1',-1,'-1',-1,'-1',-1,-1,0),('2022999999999','liam','-1',-1,'-1',-1,'-1',-1,'-1',-1,'-1',-1,'-1',-1,'-1',-1,'-1',-1,'-1',-1,'-1',-1,'-1',-1,'-1',-1,-1,0),('2023','皇帝','glimmerWebT1',0,'-1',-1,'-1',-1,'-1',-1,'-1',-1,'-1',-1,'-1',-1,'-1',-1,'-1',-1,'-1',-1,'-1',-1,'-1',-1,0,0),('2023090901007','Haruhi','-1',-1,'-1',-1,'-1',-1,'-1',-1,'-1',-1,'-1',-1,'-1',-1,'-1',-1,'-1',-1,'-1',-1,'-1',-1,'-1',-1,-1,0),('2023090902009','syh','-1',-1,'-1',-1,'-1',-1,'-1',-1,'-1',-1,'-1',-1,'-1',-1,'-1',-1,'-1',-1,'-1',-1,'-1',-1,'-1',-1,-1,0),('2023090903003','fortitude','-1',-1,'-1',-1,'-1',-1,'-1',-1,'-1',-1,'-1',-1,'-1',-1,'-1',-1,'-1',-1,'-1',-1,'-1',-1,'-1',-1,-1,0),('2023090903025','一个老实的es妹','-1',-1,'-1',-1,'-1',-1,'-1',-1,'-1',-1,'-1',-1,'-1',-1,'-1',-1,'-1',-1,'-1',-1,'-1',-1,'-1',-1,-1,0),('2023090904005',' hanphone','-1',-1,'-1',-1,'-1',-1,'-1',-1,'-1',-1,'-1',-1,'-1',-1,'-1',-1,'-1',-1,'-1',-1,'-1',-1,'-1',-1,-1,0),('2023090905000','BigBen','-1',-1,'-1',-1,'-1',-1,'-1',-1,'-1',-1,'-1',-1,'-1',-1,'-1',-1,'-1',-1,'-1',-1,'-1',-1,'-1',-1,-1,0),('2023090908006','MISAKA','-1',1,'-1',0,'-1',0,'-1',0,'-1',0,'-1',0,'-1',0,'-1',0,'傻鸟zyw',0,'-1',0,'-1',0,'no',0,1,1),('2023090909027','有机废料','-1',-1,'-1',-1,'-1',-1,'-1',-1,'-1',-1,'-1',-1,'-1',-1,'-1',-1,'-1',-1,'-1',-1,'-1',-1,'-1',-1,-1,0),('2023091111111','fzs','-1',-1,'-1',-1,'-1',-1,'-1',-1,'-1',-1,'-1',-1,'-1',-1,'-1',-1,'-1',-1,'-1',-1,'-1',-1,'-1',-1,-1,0),('2023091204014','ISEKAI','-1',-1,'-1',-1,'-1',-1,'-1',-1,'-1',-1,'-1',-1,'-1',-1,'-1',-1,'-1',-1,'-1',-1,'-1',-1,'-1',-1,-1,0),('2023091204021','MURAMASA','-1',0,'-1',0,'-1',0,'-1',0,'-1',-1,'-1',-1,'-1',-1,'-1',-1,'-1',-1,'-1',-1,'-1',-1,'-1',-1,0,0),('2023091601016','zded','-1',-1,'-1',-1,'-1',-1,'-1',-1,'-1',-1,'-1',-1,'-1',-1,'-1',-1,'-1',-1,'-1',-1,'-1',-1,'-1',-1,-1,0),('2023130201009','Ghin','-1',-1,'-1',-1,'-1',-1,'-1',-1,'-1',-1,'-1',-1,'-1',-1,'-1',-1,'-1',-1,'-1',-1,'-1',-1,'-1',-1,-1,0),('2024090901007','Doring','-1',-1,'-1',-1,'-1',-1,'-1',-1,'-1',-1,'-1',-1,'-1',-1,'-1',-1,'-1',-1,'-1',-1,'-1',-1,'-1',-1,-1,0),('2024090902014','我是周防有希的狗','-1',-1,'-1',-1,'-1',-1,'-1',-1,'-1',-1,'-1',-1,'-1',-1,'-1',-1,'-1',-1,'-1',-1,'-1',-1,'-1',-1,-1,0),('2024090902022','dsc','-1',-1,'-1',-1,'-1',-1,'-1',-1,'-1',-1,'-1',-1,'-1',-1,'-1',-1,'-1',-1,'-1',-1,'-1',-1,'-1',-1,-1,0),('2024090903011','不是山谷','-1',-1,'-1',-1,'-1',-1,'-1',-1,'-1',-1,'-1',-1,'-1',-1,'-1',-1,'-1',-1,'-1',-1,'-1',-1,'-1',-1,-1,0),('2024090903027','苏沫','-1',-1,'-1',-1,'-1',-1,'-1',-1,'-1',-1,'-1',-1,'-1',-1,'-1',-1,'-1',-1,'-1',-1,'-1',-1,'-1',-1,-1,0),('2024090903030','蒋州婷','-1',-1,'-1',-1,'-1',-1,'-1',-1,'-1',-1,'-1',-1,'-1',-1,'-1',-1,'-1',-1,'-1',-1,'-1',-1,'-1',-1,-1,0),('2024090904002','My_hanshaung','-1',-1,'-1',-1,'-1',-1,'-1',-1,'-1',-1,'-1',-1,'-1',-1,'-1',-1,'-1',-1,'-1',-1,'-1',-1,'-1',-1,-1,0),('2024090904015','edragain','-1',-1,'-1',-1,'-1',-1,'-1',-1,'-1',-1,'-1',-1,'-1',-1,'-1',-1,'-1',-1,'-1',-1,'-1',-1,'-1',-1,-1,0),('2024090905014','cake','-1',-1,'-1',-1,'-1',-1,'-1',-1,'-1',-1,'-1',-1,'-1',-1,'-1',-1,'-1',-1,'-1',-1,'-1',-1,'-1',-1,-1,0),('2024090905020','赵宇航','-1',-1,'-1',-1,'-1',-1,'-1',-1,'-1',-1,'-1',-1,'-1',-1,'-1',-1,'-1',-1,'-1',-1,'-1',-1,'-1',-1,-1,0),('2024090905023','YuRen','-1',-1,'-1',-1,'-1',-1,'-1',-1,'-1',-1,'-1',-1,'-1',-1,'-1',-1,'-1',-1,'-1',-1,'-1',-1,'-1',-1,-1,0),('2024090906006','Loch','-1',-1,'-1',-1,'-1',-1,'-1',-1,'-1',-1,'-1',-1,'-1',-1,'-1',-1,'-1',-1,'-1',-1,'-1',-1,'-1',-1,-1,0),('2024090906025','lyc','-1',-1,'-1',-1,'-1',-1,'-1',-1,'-1',-1,'-1',-1,'-1',-1,'-1',-1,'-1',-1,'-1',-1,'-1',-1,'-1',-1,-1,0),('2024090906026','代周','-1',-1,'-1',-1,'-1',-1,'-1',-1,'-1',-1,'-1',-1,'-1',-1,'-1',-1,'-1',-1,'-1',-1,'-1',-1,'-1',-1,-1,0),('2024090906027','胡天琦','git@github.com:momohutao/repo.git',35,'-1',-1,'-1',-1,'-1',-1,'-1',-1,'-1',-1,'-1',-1,'-1',-1,'-1',-1,'-1',-1,'-1',-1,'-1',-1,1,35),('2024090906029','qiyiguo','-1',-1,'-1',-1,'-1',-1,'-1',-1,'-1',-1,'-1',-1,'-1',-1,'-1',-1,'-1',-1,'-1',-1,'-1',-1,'-1',-1,-1,0),('2024090908005','stavarry','-1',-1,'-1',-1,'-1',-1,'-1',-1,'-1',-1,'-1',-1,'-1',-1,'-1',-1,'-1',-1,'-1',-1,'-1',-1,'-1',-1,-1,0),('2024090908006','梁盛杰','-1',-1,'-1',-1,'-1',-1,'-1',-1,'-1',-1,'-1',-1,'-1',-1,'-1',-1,'-1',-1,'-1',-1,'-1',-1,'-1',-1,-1,0),('2024090908012','你好再见','-1',-1,'-1',-1,'-1',-1,'-1',-1,'-1',-1,'-1',-1,'-1',-1,'-1',-1,'-1',-1,'-1',-1,'-1',-1,'-1',-1,-1,0),('2024090908015','silence','-1',-1,'-1',-1,'-1',-1,'-1',-1,'-1',-1,'-1',-1,'-1',-1,'-1',-1,'-1',-1,'-1',-1,'-1',-1,'-1',-1,-1,0),('2024090908016','lifng0','-1',-1,'-1',-1,'-1',-1,'-1',-1,'-1',-1,'-1',-1,'-1',-1,'-1',-1,'-1',-1,'-1',-1,'-1',-1,'-1',-1,-1,0),('2024090908017','Alexander','-1',-1,'-1',-1,'-1',-1,'-1',-1,'-1',-1,'-1',-1,'-1',-1,'-1',-1,'-1',-1,'-1',-1,'-1',-1,'-1',-1,-1,0),('2024090909005','mihawk','-1',-1,'-1',-1,'-1',-1,'-1',-1,'-1',-1,'-1',-1,'-1',-1,'-1',-1,'-1',-1,'-1',-1,'-1',-1,'-1',-1,-1,0),('2024090909029','三水日月','-1',-1,'-1',-1,'-1',-1,'-1',-1,'-1',-1,'-1',-1,'-1',-1,'-1',-1,'-1',-1,'-1',-1,'-1',-1,'-1',-1,-1,0),('2024090910005','热心网友宁桑.','-1',-1,'-1',-1,'-1',-1,'-1',-1,'-1',-1,'-1',-1,'-1',-1,'-1',-1,'-1',-1,'-1',-1,'-1',-1,'-1',-1,-1,0),('2024090910008','观中华之崛起','-1',-1,'-1',-1,'-1',-1,'-1',-1,'-1',-1,'-1',-1,'-1',-1,'-1',-1,'-1',-1,'-1',-1,'-1',-1,'-1',-1,-1,0),('2024090910009','dwdyy','-1',-1,'-1',-1,'-1',-1,'-1',-1,'-1',-1,'-1',-1,'-1',-1,'-1',-1,'-1',-1,'-1',-1,'-1',-1,'-1',-1,-1,0),('2024090910016','Bamboo','-1',-1,'-1',-1,'-1',-1,'-1',-1,'-1',-1,'-1',-1,'-1',-1,'-1',-1,'-1',-1,'-1',-1,'-1',-1,'-1',-1,-1,0),('2024090911018','24-杨汉唐','-1',-1,'-1',-1,'-1',-1,'-1',-1,'-1',-1,'-1',-1,'-1',-1,'-1',-1,'-1',-1,'-1',-1,'-1',-1,'-1',-1,-1,0),('2024090911022','Jay','-1',-1,'-1',-1,'-1',-1,'-1',-1,'-1',-1,'-1',-1,'-1',-1,'-1',-1,'-1',-1,'-1',-1,'-1',-1,'-1',-1,-1,0),('2024090913005','EnPos','https://github.com/EnPos520/Glimmer-FrontEnd-1-2024090913005',100,'https://github.com/EnPos520/Glimmer-FrontEnd-2-2024090913005',100,'-1',-1,'-1',-1,'-1',-1,'-1',-1,'-1',-1,'-1',-1,'-1',-1,'-1',-1,'-1',-1,'-1',-1,2,200),('2024090913018','caozhanhao','-1',-1,'-1',-1,'-1',-1,'-1',-1,'-1',-1,'-1',-1,'-1',-1,'-1',-1,'-1',-1,'-1',-1,'-1',-1,'-1',-1,-1,0),('2024090913028','李子晴','-1',-1,'-1',-1,'-1',-1,'-1',-1,'-1',-1,'-1',-1,'-1',-1,'-1',-1,'-1',-1,'-1',-1,'-1',-1,'-1',-1,-1,0),('2024090914001','annareason','-1',-1,'-1',-1,'-1',-1,'-1',-1,'-1',-1,'-1',-1,'-1',-1,'-1',-1,'-1',-1,'-1',-1,'-1',-1,'-1',-1,-1,0),('2024090914002','zhang','-1',-1,'-1',-1,'-1',-1,'-1',-1,'-1',-1,'-1',-1,'-1',-1,'-1',-1,'-1',-1,'-1',-1,'-1',-1,'-1',-1,-1,0),('2024090914007','JKong','-1',-1,'-1',-1,'-1',-1,'-1',-1,'-1',-1,'-1',-1,'-1',-1,'-1',-1,'-1',-1,'-1',-1,'-1',-1,'-1',-1,-1,0),('2024090914009','c4rn','-1',-1,'-1',-1,'-1',-1,'-1',-1,'-1',-1,'-1',-1,'-1',-1,'-1',-1,'-1',-1,'-1',-1,'-1',-1,'-1',-1,-1,0),('2024090914010','刘彦伯','-1',-1,'-1',-1,'-1',-1,'-1',-1,'-1',-1,'-1',-1,'-1',-1,'-1',-1,'-1',-1,'-1',-1,'-1',-1,'-1',-1,-1,0),('2024090914012','Andue','-1',-1,'-1',-1,'-1',-1,'-1',-1,'-1',-1,'-1',-1,'-1',-1,'-1',-1,'-1',-1,'-1',-1,'-1',-1,'-1',-1,-1,0),('2024090914013','谢洪鸣','-1',-1,'-1',-1,'-1',-1,'-1',-1,'-1',-1,'-1',-1,'-1',-1,'-1',-1,'-1',-1,'-1',-1,'-1',-1,'-1',-1,-1,0),('2024090914015','lxq','-1',-1,'-1',-1,'-1',-1,'-1',-1,'-1',-1,'-1',-1,'-1',-1,'-1',-1,'-1',-1,'-1',-1,'-1',-1,'-1',-1,-1,0),('2024090914018','逐影`','-1',-1,'-1',-1,'-1',-1,'-1',-1,'-1',-1,'-1',-1,'-1',-1,'-1',-1,'-1',-1,'-1',-1,'-1',-1,'-1',-1,-1,0),('2024090914019','すい','-1',-1,'-1',-1,'-1',-1,'-1',-1,'-1',-1,'-1',-1,'-1',-1,'-1',-1,'-1',-1,'-1',-1,'-1',-1,'-1',-1,-1,0),('2024090914023','hurundong','-1',-1,'-1',-1,'-1',-1,'-1',-1,'-1',-1,'-1',-1,'-1',-1,'-1',-1,'-1',-1,'-1',-1,'-1',-1,'-1',-1,-1,0),('2024090915011','小雨转晴','-1',-1,'-1',-1,'-1',-1,'-1',-1,'-1',-1,'-1',-1,'-1',-1,'-1',-1,'-1',-1,'-1',-1,'-1',-1,'-1',-1,-1,0),('2024090915015','sleeeep','-1',-1,'-1',-1,'-1',-1,'-1',-1,'-1',-1,'-1',-1,'-1',-1,'-1',-1,'-1',-1,'-1',-1,'-1',-1,'-1',-1,-1,0),('2024091201004','MM','-1',-1,'-1',-1,'-1',-1,'-1',-1,'-1',-1,'-1',-1,'-1',-1,'-1',-1,'-1',-1,'-1',-1,'-1',-1,'-1',-1,-1,0),('2024091201011','6u0000','-1',-1,'-1',-1,'-1',-1,'-1',-1,'-1',-1,'-1',-1,'-1',-1,'-1',-1,'-1',-1,'-1',-1,'-1',-1,'-1',-1,-1,0),('2024091201013','Soul','-1',-1,'-1',-1,'-1',-1,'-1',-1,'-1',-1,'-1',-1,'-1',-1,'-1',-1,'-1',-1,'-1',-1,'-1',-1,'-1',-1,-1,0),('2024091202002','杨子坤','-1',-1,'-1',-1,'-1',-1,'-1',-1,'-1',-1,'-1',-1,'-1',-1,'-1',-1,'-1',-1,'-1',-1,'-1',-1,'-1',-1,-1,0),('2024091202006','鹁霖','-1',-1,'-1',-1,'-1',-1,'-1',-1,'-1',-1,'-1',-1,'-1',-1,'-1',-1,'-1',-1,'-1',-1,'-1',-1,'-1',-1,-1,0),('2024091202010','juff','-1',-1,'-1',-1,'-1',-1,'-1',-1,'-1',-1,'-1',-1,'-1',-1,'-1',-1,'-1',-1,'-1',-1,'-1',-1,'-1',-1,-1,0),('2024091202014','张哲','-1',-1,'-1',-1,'-1',-1,'-1',-1,'-1',-1,'-1',-1,'-1',-1,'-1',-1,'-1',-1,'-1',-1,'-1',-1,'-1',-1,-1,0),('2024091202025','Tonks','-1',-1,'-1',-1,'-1',-1,'-1',-1,'-1',-1,'-1',-1,'-1',-1,'-1',-1,'-1',-1,'-1',-1,'-1',-1,'-1',-1,-1,0),('2024091203002','青子','https://github.com/qingzi11/2024091203002-----01.git',0,'-1',-1,'-1',-1,'-1',-1,'-1',-1,'-1',-1,'-1',-1,'-1',-1,'-1',-1,'-1',-1,'-1',-1,'-1',-1,-1,0),('2024091203006','threbeaa','-1',-1,'-1',-1,'-1',-1,'-1',-1,'-1',-1,'-1',-1,'-1',-1,'-1',-1,'-1',-1,'-1',-1,'-1',-1,'-1',-1,-1,0),('2024091203007','沈誉隆','-1',-1,'-1',-1,'-1',-1,'-1',-1,'-1',-1,'-1',-1,'-1',-1,'-1',-1,'-1',-1,'-1',-1,'-1',-1,'-1',-1,-1,0),('2024091203027','XYXYXY','-1',-1,'-1',-1,'-1',-1,'-1',-1,'-1',-1,'-1',-1,'-1',-1,'-1',-1,'-1',-1,'-1',-1,'-1',-1,'-1',-1,-1,0),('2024091203030','AAA小玉鼎边糊','-1',-1,'-1',-1,'-1',-1,'-1',-1,'-1',-1,'-1',-1,'-1',-1,'-1',-1,'-1',-1,'-1',-1,'-1',-1,'-1',-1,-1,0),('2024091299002','hsttz','-1',-1,'-1',-1,'https://gitee.com/catering-team-leader/glm-t3',70,'https://gitee.com/catering-team-leader/glm-t4',99,'-1',-1,'-1',-1,'-1',-1,'-1',-1,'-1',-1,'-1',-1,'-1',-1,'-1',-1,2,169),('2024091601010','Carl','-1',-1,'-1',-1,'-1',-1,'-1',-1,'-1',-1,'-1',-1,'-1',-1,'-1',-1,'-1',-1,'-1',-1,'-1',-1,'-1',-1,-1,0),('2024091601012','浪涌乾坤','-1',-1,'-1',-1,'-1',-1,'-1',-1,'-1',-1,'-1',-1,'-1',-1,'-1',-1,'-1',-1,'-1',-1,'-1',-1,'-1',-1,-1,0),('2024091601015','wwt','-1',-1,'-1',-1,'-1',-1,'-1',-1,'-1',-1,'-1',-1,'-1',-1,'-1',-1,'-1',-1,'-1',-1,'-1',-1,'-1',-1,-1,0),('2024091602001','Martin','-1',-1,'-1',-1,'-1',-1,'-1',-1,'-1',-1,'-1',-1,'-1',-1,'-1',-1,'-1',-1,'-1',-1,'-1',-1,'-1',-1,-1,0),('2024091602004','yuan','-1',-1,'-1',-1,'-1',-1,'-1',-1,'-1',-1,'-1',-1,'-1',-1,'-1',-1,'-1',-1,'-1',-1,'-1',-1,'-1',-1,-1,0),('2024091602007','18234919084','-1',-1,'-1',-1,'-1',-1,'-1',-1,'-1',-1,'-1',-1,'-1',-1,'-1',-1,'-1',-1,'-1',-1,'-1',-1,'-1',-1,-1,0),('2024091602017','Jensen','-1',-1,'-1',-1,'-1',-1,'-1',-1,'-1',-1,'-1',-1,'-1',-1,'-1',-1,'-1',-1,'-1',-1,'-1',-1,'-1',-1,-1,0),('2024091603009','cyh','-1',-1,'-1',-1,'-1',-1,'-1',-1,'-1',-1,'-1',-1,'-1',-1,'-1',-1,'-1',-1,'-1',-1,'-1',-1,'-1',-1,-1,0),('2024091603016','Stevie','-1',-1,'-1',-1,'-1',-1,'-1',-1,'-1',-1,'-1',-1,'-1',-1,'-1',-1,'-1',-1,'-1',-1,'-1',-1,'-1',-1,-1,0),('2024091603022','FriedrichC','-1',-1,'-1',-1,'-1',-1,'-1',-1,'-1',-1,'-1',-1,'-1',-1,'-1',-1,'-1',-1,'-1',-1,'-1',-1,'-1',-1,-1,0),('2024091603025','游客12345','-1',-1,'-1',-1,'-1',-1,'-1',-1,'-1',-1,'-1',-1,'-1',-1,'-1',-1,'-1',-1,'-1',-1,'-1',-1,'-1',-1,-1,0),('2024130102014','BDGN','-1',-1,'-1',-1,'-1',-1,'-1',-1,'-1',-1,'-1',-1,'-1',-1,'-1',-1,'-1',-1,'-1',-1,'-1',-1,'-1',-1,-1,0),('465468489798','re','-1',-1,'-1',-1,'-1',-1,'-1',-1,'-1',-1,'-1',-1,'-1',-1,'-1',-1,'-1',-1,'-1',-1,'-1',-1,'-1',-1,-1,0);
/*!40000 ALTER TABLE `前端方向答题` ENABLE KEYS */;
UNLOCK TABLES;

--
-- Table structure for table `机器学习方向答题`
--

DROP TABLE IF EXISTS `机器学习方向答题`;
/*!40101 SET @saved_cs_client     = @@character_set_client */;
/*!50503 SET character_set_client = utf8mb4 */;
CREATE TABLE `机器学习方向答题` (
  `studentid` char(20) NOT NULL COMMENT '学号',
  `username` char(20) NOT NULL COMMENT '用户名',
  `question1` varchar(255) DEFAULT '-1' COMMENT '问题1',
  `score1` int DEFAULT '-1' COMMENT '第一道题的成绩',
  `question2` varchar(255) DEFAULT '-1' COMMENT '问题2',
  `score2` int DEFAULT '-1' COMMENT '第二道题的成绩',
  `question3` varchar(255) DEFAULT '-1' COMMENT '问题3',
  `score3` int DEFAULT '-1' COMMENT '第三道题的成绩',
  `question4` varchar(255) DEFAULT '-1' COMMENT '问题4',
  `score4` int DEFAULT '-1' COMMENT '第四道题的成绩',
  `question5` varchar(255) DEFAULT '-1' COMMENT '问题5',
  `score5` int DEFAULT '-1' COMMENT '第五道题的成绩',
  `question6` varchar(255) DEFAULT '-1' COMMENT '问题6',
  `score6` int DEFAULT '-1' COMMENT '第六道题的成绩',
  `question7` varchar(255) DEFAULT '-1' COMMENT '问题7',
  `score7` int DEFAULT '-1' COMMENT '第七道题的成绩',
  `question8` varchar(255) DEFAULT '-1' COMMENT '问题8',
  `score8` int DEFAULT '-1' COMMENT '第八道题的成绩',
  `question9` varchar(255) DEFAULT '-1' COMMENT '问题9',
  `score9` int DEFAULT '-1' COMMENT '第九道题的成绩',
  `question10` varchar(255) DEFAULT '-1' COMMENT '问题10',
  `score10` int DEFAULT '-1' COMMENT '第十道题的成绩',
  `question11` varchar(255) DEFAULT '-1' COMMENT '问题11',
  `score11` int DEFAULT '-1' COMMENT '第十一道题的成绩',
  `question12` varchar(255) DEFAULT '-1' COMMENT '问题12',
  `score12` int DEFAULT '-1' COMMENT '第十二道题的成绩',
  `tests` int DEFAULT '-1' COMMENT '过题数',
  `total_score` int DEFAULT '0' COMMENT '总成绩',
  PRIMARY KEY (`studentid`),
  UNIQUE KEY `机器学习方向答题_pk_2` (`studentid`)
) ENGINE=InnoDB DEFAULT CHARSET=utf8mb4 COLLATE=utf8mb4_0900_ai_ci COMMENT='机器学习方向的答题和成绩';
/*!40101 SET character_set_client = @saved_cs_client */;

--
-- Dumping data for table `机器学习方向答题`
--

LOCK TABLES `机器学习方向答题` WRITE;
/*!40000 ALTER TABLE `机器学习方向答题` DISABLE KEYS */;
INSERT INTO `机器学习方向答题` VALUES ('2020091203010','wtr','-1',-1,'-1',-1,'-1',-1,'-1',-1,'-1',-1,'-1',-1,'-1',-1,'-1',-1,'-1',-1,'-1',-1,'-1',-1,'-1',-1,-1,0),('2021090902022','luminous','-1',-1,'-1',-1,'-1',-1,'-1',-1,'-1',-1,'-1',-1,'-1',-1,'-1',-1,'-1',-1,'-1',-1,'-1',-1,'-1',-1,-1,0),('2021090902026','18213095017','-1',-1,'-1',-1,'-1',-1,'-1',-1,'-1',-1,'-1',-1,'-1',-1,'-1',-1,'-1',-1,'-1',-1,'-1',-1,'-1',-1,-1,0),('2021090916028','Bri1987','-1',-1,'-1',-1,'-1',-1,'-1',-1,'-1',-1,'-1',-1,'-1',-1,'-1',-1,'-1',-1,'-1',-1,'-1',-1,'-1',-1,-1,0),('2021091201012','年老的杨','-1',-1,'-1',-1,'-1',-1,'-1',-1,'-1',-1,'-1',-1,'-1',-1,'-1',-1,'-1',-1,'-1',-1,'-1',-1,'-1',-1,-1,0),('2022090921432','sbljl','-1',-1,'-1',-1,'-1',-1,'-1',-1,'-1',-1,'-1',-1,'-1',-1,'-1',-1,'-1',-1,'-1',-1,'-1',-1,'-1',-1,-1,0),('2022091602007','lpl','-1',-1,'-1',-1,'-1',-1,'-1',-1,'-1',-1,'-1',-1,'-1',-1,'-1',-1,'-1',-1,'-1',-1,'-1',-1,'-1',-1,-1,0),('2022999999999','liam','-1',-1,'-1',-1,'-1',-1,'-1',-1,'-1',-1,'-1',-1,'-1',-1,'-1',-1,'-1',-1,'-1',-1,'-1',-1,'-1',-1,-1,0),('2023','皇帝','-1',-1,'-1',-1,'-1',-1,'-1',-1,'-1',-1,'-1',-1,'-1',-1,'-1',-1,'-1',-1,'-1',-1,'-1',-1,'-1',-1,-1,0),('2023090901007','Haruhi','-1',-1,'-1',-1,'-1',-1,'-1',-1,'-1',-1,'-1',-1,'-1',-1,'-1',-1,'-1',-1,'-1',-1,'-1',-1,'-1',-1,-1,0),('2023090902009','syh','-1',-1,'-1',-1,'-1',-1,'-1',-1,'-1',-1,'-1',-1,'-1',-1,'-1',-1,'-1',-1,'-1',-1,'-1',-1,'-1',-1,-1,0),('2023090903003','fortitude','-1',-1,'-1',-1,'-1',-1,'-1',-1,'-1',-1,'-1',-1,'-1',-1,'-1',-1,'-1',-1,'-1',-1,'-1',-1,'-1',-1,-1,0),('2023090903025','一个老实的es妹','-1',-1,'-1',-1,'-1',-1,'-1',-1,'-1',-1,'-1',-1,'-1',-1,'-1',-1,'-1',-1,'-1',-1,'-1',-1,'-1',-1,-1,0),('2023090904005',' hanphone','-1',-1,'-1',-1,'-1',-1,'-1',-1,'-1',-1,'-1',-1,'-1',-1,'-1',-1,'-1',-1,'-1',-1,'-1',-1,'-1',-1,-1,0),('2023090905000','BigBen','-1',-1,'-1',-1,'-1',-1,'-1',-1,'-1',-1,'-1',-1,'-1',-1,'-1',-1,'-1',-1,'-1',-1,'-1',-1,'-1',-1,-1,0),('2023090908006','MISAKA','-1',0,'-1',-1,'-1',-1,'-1',-1,'-1',-1,'-1',-1,'我顶我顶',0,'-1',-1,'-1',-1,'-1',-1,'-1',-1,'-1',-1,0,0),('2023090909027','有机废料','-1',-1,'-1',-1,'-1',-1,'-1',-1,'-1',-1,'-1',-1,'-1',-1,'-1',-1,'-1',-1,'-1',-1,'-1',-1,'-1',-1,-1,0),('2023091111111','fzs','-1',-1,'-1',-1,'-1',-1,'-1',-1,'-1',-1,'-1',-1,'-1',-1,'-1',-1,'-1',-1,'-1',-1,'-1',-1,'-1',-1,-1,0),('2023091204014','ISEKAI','-1',-1,'-1',-1,'-1',-1,'-1',-1,'-1',-1,'-1',-1,'-1',-1,'-1',-1,'-1',-1,'-1',-1,'-1',-1,'-1',-1,-1,0),('2023091204021','MURAMASA','-1',-1,'-1',-1,'-1',-1,'-1',-1,'-1',-1,'-1',-1,'-1',-1,'-1',-1,'-1',-1,'-1',-1,'-1',-1,'-1',-1,-1,0),('2023091601016','zded','-1',-1,'-1',-1,'-1',-1,'-1',-1,'-1',-1,'-1',-1,'-1',-1,'-1',-1,'-1',-1,'-1',-1,'-1',-1,'-1',-1,-1,0),('2023130201009','Ghin','-1',-1,'-1',-1,'-1',-1,'-1',-1,'-1',-1,'-1',-1,'-1',-1,'-1',-1,'-1',-1,'-1',-1,'-1',-1,'-1',-1,-1,0),('2024090901007','Doring','-1',-1,'-1',-1,'-1',-1,'-1',-1,'-1',-1,'-1',-1,'-1',-1,'-1',-1,'-1',-1,'-1',-1,'-1',-1,'-1',-1,-1,0),('2024090902014','我是周防有希的狗','-1',-1,'-1',-1,'-1',-1,'-1',-1,'-1',-1,'-1',-1,'-1',-1,'-1',-1,'-1',-1,'-1',-1,'-1',-1,'-1',-1,-1,0),('2024090902022','dsc','-1',-1,'-1',-1,'-1',-1,'-1',-1,'-1',-1,'-1',-1,'-1',-1,'-1',-1,'-1',-1,'-1',-1,'-1',-1,'-1',-1,-1,0),('2024090903011','不是山谷','-1',-1,'-1',-1,'-1',-1,'-1',-1,'-1',-1,'-1',-1,'-1',-1,'-1',-1,'-1',-1,'-1',-1,'-1',-1,'-1',-1,-1,0),('2024090903027','苏沫','-1',-1,'-1',-1,'-1',-1,'-1',-1,'-1',-1,'-1',-1,'-1',-1,'-1',-1,'-1',-1,'-1',-1,'-1',-1,'-1',-1,-1,0),('2024090903030','蒋州婷','-1',-1,'-1',-1,'-1',-1,'-1',-1,'-1',-1,'-1',-1,'-1',-1,'-1',-1,'-1',-1,'-1',-1,'-1',-1,'-1',-1,-1,0),('2024090904002','My_hanshaung','-1',-1,'-1',-1,'-1',-1,'-1',-1,'-1',-1,'-1',-1,'-1',-1,'-1',-1,'-1',-1,'-1',-1,'-1',-1,'-1',-1,-1,0),('2024090904015','edragain','-1',-1,'-1',-1,'-1',-1,'-1',-1,'-1',-1,'-1',-1,'-1',-1,'-1',-1,'-1',-1,'-1',-1,'-1',-1,'-1',-1,-1,0),('2024090905014','cake','-1',-1,'-1',-1,'-1',-1,'-1',-1,'-1',-1,'-1',-1,'-1',-1,'-1',-1,'-1',-1,'-1',-1,'-1',-1,'-1',-1,-1,0),('2024090905020','赵宇航','-1',-1,'-1',-1,'-1',-1,'-1',-1,'-1',-1,'-1',-1,'-1',-1,'-1',-1,'-1',-1,'-1',-1,'-1',-1,'-1',-1,-1,0),('2024090905023','YuRen','-1',-1,'-1',-1,'-1',-1,'-1',-1,'-1',-1,'-1',-1,'-1',-1,'-1',-1,'-1',-1,'-1',-1,'-1',-1,'-1',-1,-1,0),('2024090906006','Loch','-1',-1,'-1',-1,'-1',-1,'-1',-1,'-1',-1,'-1',-1,'-1',-1,'-1',-1,'-1',-1,'-1',-1,'-1',-1,'-1',-1,-1,0),('2024090906025','lyc','-1',-1,'-1',-1,'-1',-1,'-1',-1,'-1',-1,'-1',-1,'-1',-1,'-1',-1,'-1',-1,'-1',-1,'-1',-1,'-1',-1,-1,0),('2024090906026','代周','-1',-1,'-1',-1,'-1',-1,'-1',-1,'-1',-1,'-1',-1,'-1',-1,'-1',-1,'-1',-1,'-1',-1,'-1',-1,'-1',-1,-1,0),('2024090906027','胡天琦','-1',-1,'-1',-1,'-1',-1,'-1',-1,'-1',-1,'-1',-1,'-1',-1,'-1',-1,'-1',-1,'-1',-1,'-1',-1,'-1',-1,-1,0),('2024090906029','qiyiguo','-1',-1,'-1',-1,'-1',-1,'-1',-1,'-1',-1,'-1',-1,'-1',-1,'-1',-1,'-1',-1,'-1',-1,'-1',-1,'-1',-1,-1,0),('2024090908005','stavarry','-1',-1,'-1',-1,'-1',-1,'-1',-1,'-1',-1,'-1',-1,'-1',-1,'-1',-1,'-1',-1,'-1',-1,'-1',-1,'-1',-1,-1,0),('2024090908006','梁盛杰','-1',-1,'-1',-1,'-1',-1,'-1',-1,'-1',-1,'-1',-1,'-1',-1,'-1',-1,'-1',-1,'-1',-1,'-1',-1,'-1',-1,-1,0),('2024090908012','你好再见','-1',-1,'-1',-1,'-1',-1,'-1',-1,'-1',-1,'-1',-1,'-1',-1,'-1',-1,'-1',-1,'-1',-1,'-1',-1,'-1',-1,-1,0),('2024090908015','silence','-1',-1,'-1',-1,'-1',-1,'-1',-1,'-1',-1,'-1',-1,'-1',-1,'-1',-1,'-1',-1,'-1',-1,'-1',-1,'-1',-1,-1,0),('2024090908016','lifng0','-1',100,'-1',-1,'-1',-1,'-1',-1,'-1',-1,'-1',-1,'-1',-1,'-1',-1,'-1',-1,'-1',-1,'-1',-1,'-1',-1,1,100),('2024090908017','Alexander','-1',-1,'-1',-1,'-1',-1,'-1',-1,'-1',-1,'-1',-1,'-1',-1,'-1',-1,'-1',-1,'-1',-1,'-1',-1,'-1',-1,-1,0),('2024090909005','mihawk','-1',-1,'-1',-1,'-1',-1,'-1',-1,'-1',-1,'-1',-1,'-1',-1,'-1',-1,'-1',-1,'-1',-1,'-1',-1,'-1',-1,-1,0),('2024090909029','三水日月','-1',-1,'-1',-1,'-1',-1,'-1',-1,'-1',-1,'-1',-1,'-1',-1,'-1',-1,'-1',-1,'-1',-1,'-1',-1,'-1',-1,-1,0),('2024090910005','热心网友宁桑.','-1',-1,'-1',-1,'-1',-1,'-1',-1,'-1',-1,'-1',-1,'-1',-1,'-1',-1,'-1',-1,'-1',-1,'-1',-1,'-1',-1,-1,0),('2024090910008','观中华之崛起','-1',-1,'-1',-1,'-1',-1,'-1',-1,'-1',-1,'-1',-1,'-1',-1,'-1',-1,'-1',-1,'-1',-1,'-1',-1,'-1',-1,-1,0),('2024090910009','dwdyy','-1',-1,'-1',-1,'-1',-1,'-1',-1,'-1',-1,'-1',-1,'-1',-1,'-1',-1,'-1',-1,'-1',-1,'-1',-1,'-1',-1,-1,0),('2024090910016','Bamboo','-1',-1,'-1',-1,'-1',-1,'-1',-1,'-1',-1,'-1',-1,'-1',-1,'-1',-1,'-1',-1,'-1',-1,'-1',-1,'-1',-1,-1,0),('2024090911018','24-杨汉唐','-1',-1,'-1',-1,'-1',-1,'-1',-1,'-1',-1,'-1',-1,'-1',-1,'-1',-1,'-1',-1,'-1',-1,'-1',-1,'-1',-1,-1,0),('2024090911022','Jay','-1',-1,'-1',-1,'-1',-1,'-1',-1,'-1',-1,'-1',-1,'-1',-1,'-1',-1,'-1',-1,'-1',-1,'-1',-1,'-1',-1,-1,0),('2024090913005','EnPos','-1',-1,'-1',-1,'-1',-1,'-1',-1,'-1',-1,'-1',-1,'-1',-1,'-1',-1,'-1',-1,'-1',-1,'-1',-1,'-1',-1,-1,0),('2024090913018','caozhanhao','-1',-1,'-1',-1,'-1',-1,'-1',-1,'-1',-1,'-1',-1,'-1',-1,'-1',-1,'-1',-1,'-1',-1,'-1',-1,'-1',-1,-1,0),('2024090913028','李子晴','-1',-1,'-1',-1,'-1',-1,'-1',-1,'-1',-1,'-1',-1,'-1',-1,'-1',-1,'-1',-1,'-1',-1,'-1',-1,'-1',-1,-1,0),('2024090914001','annareason','-1',-1,'-1',-1,'-1',-1,'-1',-1,'-1',-1,'-1',-1,'-1',-1,'-1',-1,'-1',-1,'-1',-1,'-1',-1,'-1',-1,-1,0),('2024090914002','zhang','-1',100,'-1',-1,'-1',-1,'-1',-1,'-1',-1,'-1',-1,'-1',-1,'-1',-1,'-1',-1,'-1',-1,'-1',-1,'-1',-1,1,100),('2024090914007','JKong','-1',-1,'-1',-1,'-1',-1,'-1',-1,'-1',-1,'-1',-1,'-1',-1,'-1',-1,'-1',-1,'-1',-1,'-1',-1,'-1',-1,-1,0),('2024090914009','c4rn','-1',-1,'-1',-1,'-1',-1,'-1',-1,'-1',-1,'-1',-1,'-1',-1,'-1',-1,'-1',-1,'-1',-1,'-1',-1,'-1',-1,-1,0),('2024090914010','刘彦伯','-1',-1,'-1',-1,'-1',-1,'-1',-1,'-1',-1,'-1',-1,'-1',-1,'-1',-1,'-1',-1,'-1',-1,'-1',-1,'-1',-1,-1,0),('2024090914012','Andue','-1',-1,'-1',-1,'-1',-1,'-1',-1,'-1',-1,'-1',-1,'-1',-1,'-1',-1,'-1',-1,'-1',-1,'-1',-1,'-1',-1,-1,0),('2024090914013','谢洪鸣','-1',-1,'-1',-1,'-1',-1,'-1',-1,'-1',-1,'-1',-1,'-1',-1,'-1',-1,'-1',-1,'-1',-1,'-1',-1,'-1',-1,-1,0),('2024090914015','lxq','-1',-1,'-1',-1,'-1',-1,'-1',-1,'-1',-1,'-1',-1,'-1',-1,'-1',-1,'-1',-1,'-1',-1,'-1',-1,'-1',-1,-1,0),('2024090914018','逐影`','-1',-1,'-1',-1,'-1',-1,'-1',-1,'-1',-1,'-1',-1,'-1',-1,'-1',-1,'-1',-1,'-1',-1,'-1',-1,'-1',-1,-1,0),('2024090914019','すい','-1',-1,'-1',-1,'-1',-1,'-1',-1,'-1',-1,'-1',-1,'-1',-1,'-1',-1,'-1',-1,'-1',-1,'-1',-1,'-1',-1,-1,0),('2024090914023','hurundong','-1',-1,'-1',-1,'-1',-1,'-1',-1,'-1',-1,'-1',-1,'-1',-1,'-1',-1,'-1',-1,'-1',-1,'-1',-1,'-1',-1,-1,0),('2024090915011','小雨转晴','-1',-1,'-1',-1,'-1',-1,'-1',-1,'-1',-1,'-1',-1,'-1',-1,'-1',-1,'-1',-1,'-1',-1,'-1',-1,'-1',-1,-1,0),('2024090915015','sleeeep','-1',-1,'-1',-1,'-1',-1,'-1',-1,'-1',-1,'-1',-1,'-1',-1,'-1',-1,'-1',-1,'-1',-1,'-1',-1,'-1',-1,-1,0),('2024091201004','MM','-1',-1,'-1',-1,'-1',-1,'-1',-1,'-1',-1,'-1',-1,'-1',-1,'-1',-1,'-1',-1,'-1',-1,'-1',-1,'-1',-1,-1,0),('2024091201011','6u0000','-1',-1,'-1',-1,'-1',-1,'-1',-1,'-1',-1,'-1',-1,'-1',-1,'-1',-1,'-1',-1,'-1',-1,'-1',-1,'-1',-1,-1,0),('2024091201013','Soul','-1',-1,'-1',-1,'-1',-1,'-1',-1,'-1',-1,'-1',-1,'-1',-1,'-1',-1,'-1',-1,'-1',-1,'-1',-1,'-1',-1,-1,0),('2024091202002','杨子坤','-1',-1,'-1',-1,'-1',-1,'-1',-1,'-1',-1,'-1',-1,'-1',-1,'-1',-1,'-1',-1,'-1',-1,'-1',-1,'-1',-1,-1,0),('2024091202006','鹁霖','-1',-1,'-1',-1,'-1',-1,'-1',-1,'-1',-1,'-1',-1,'-1',-1,'-1',-1,'-1',-1,'-1',-1,'-1',-1,'-1',-1,-1,0),('2024091202010','juff','-1',-1,'-1',-1,'-1',-1,'-1',-1,'-1',-1,'-1',-1,'-1',-1,'-1',-1,'-1',-1,'-1',-1,'-1',-1,'-1',-1,-1,0),('2024091202014','张哲','-1',-1,'-1',-1,'-1',-1,'-1',-1,'-1',-1,'-1',-1,'-1',-1,'-1',-1,'-1',-1,'-1',-1,'-1',-1,'-1',-1,-1,0),('2024091202025','Tonks','-1',100,'-1',-1,'-1',-1,'-1',-1,'-1',-1,'-1',-1,'-1',-1,'-1',-1,'-1',-1,'-1',-1,'-1',-1,'-1',-1,1,100),('2024091203002','青子','-1',-1,'-1',-1,'-1',-1,'-1',-1,'-1',-1,'-1',-1,'-1',-1,'-1',-1,'-1',-1,'-1',-1,'-1',-1,'-1',-1,-1,0),('2024091203006','threbeaa','-1',-1,'-1',-1,'-1',-1,'-1',-1,'-1',-1,'-1',-1,'-1',-1,'-1',-1,'-1',-1,'-1',-1,'-1',-1,'-1',-1,-1,0),('2024091203007','沈誉隆','-1',-1,'-1',-1,'-1',-1,'-1',-1,'-1',-1,'-1',-1,'-1',-1,'-1',-1,'-1',-1,'-1',-1,'-1',-1,'-1',-1,-1,0),('2024091203027','XYXYXY','-1',-1,'-1',-1,'-1',-1,'-1',-1,'-1',-1,'-1',-1,'-1',-1,'-1',-1,'-1',-1,'-1',-1,'-1',-1,'-1',-1,-1,0),('2024091203030','AAA小玉鼎边糊','-1',-1,'-1',-1,'-1',-1,'-1',-1,'-1',-1,'-1',-1,'-1',-1,'-1',-1,'-1',-1,'-1',-1,'-1',-1,'-1',-1,-1,0),('2024091299002','hsttz','-1',-1,'-1',-1,'-1',-1,'-1',-1,'-1',-1,'-1',-1,'-1',-1,'-1',-1,'-1',-1,'-1',-1,'-1',-1,'-1',-1,-1,0),('2024091601010','Carl','-1',-1,'-1',-1,'-1',-1,'-1',-1,'-1',-1,'-1',-1,'-1',-1,'-1',-1,'-1',-1,'-1',-1,'-1',-1,'-1',-1,-1,0),('2024091601012','浪涌乾坤','-1',-1,'-1',-1,'-1',-1,'-1',-1,'-1',-1,'-1',-1,'-1',-1,'-1',-1,'-1',-1,'-1',-1,'-1',-1,'-1',-1,-1,0),('2024091601015','wwt','-1',-1,'-1',-1,'-1',-1,'-1',-1,'-1',-1,'-1',-1,'-1',-1,'-1',-1,'-1',-1,'-1',-1,'-1',-1,'-1',-1,-1,0),('2024091602001','Martin','-1',-1,'-1',-1,'-1',-1,'-1',-1,'-1',-1,'-1',-1,'-1',-1,'-1',-1,'-1',-1,'-1',-1,'-1',-1,'-1',-1,-1,0),('2024091602004','yuan','-1',-1,'-1',-1,'-1',-1,'-1',-1,'-1',-1,'-1',-1,'-1',-1,'-1',-1,'-1',-1,'-1',-1,'-1',-1,'-1',-1,-1,0),('2024091602007','18234919084','-1',-1,'-1',-1,'-1',-1,'-1',-1,'-1',-1,'-1',-1,'-1',-1,'-1',-1,'-1',-1,'-1',-1,'-1',-1,'-1',-1,-1,0),('2024091602017','Jensen','-1',-1,'-1',-1,'-1',-1,'-1',-1,'-1',-1,'-1',-1,'-1',-1,'-1',-1,'-1',-1,'-1',-1,'-1',-1,'-1',-1,-1,0),('2024091603009','cyh','-1',-1,'-1',-1,'-1',-1,'-1',-1,'-1',-1,'-1',-1,'-1',-1,'-1',-1,'-1',-1,'-1',-1,'-1',-1,'-1',-1,-1,0),('2024091603016','Stevie','-1',-1,'-1',-1,'-1',-1,'-1',-1,'-1',-1,'-1',-1,'-1',-1,'-1',-1,'-1',-1,'-1',-1,'-1',-1,'-1',-1,-1,0),('2024091603022','FriedrichC','-1',-1,'-1',-1,'-1',-1,'-1',-1,'-1',-1,'-1',-1,'-1',-1,'-1',-1,'-1',-1,'-1',-1,'-1',-1,'-1',-1,-1,0),('2024091603025','游客12345','-1',-1,'-1',-1,'-1',-1,'-1',-1,'-1',-1,'-1',-1,'-1',-1,'-1',-1,'-1',-1,'-1',-1,'-1',-1,'-1',-1,-1,0),('2024130102014','BDGN','-1',-1,'-1',-1,'-1',-1,'-1',-1,'-1',-1,'-1',-1,'-1',-1,'-1',-1,'-1',-1,'-1',-1,'-1',-1,'-1',-1,-1,0),('465468489798','re','-1',-1,'-1',-1,'-1',-1,'-1',-1,'-1',-1,'-1',-1,'-1',-1,'-1',-1,'-1',-1,'-1',-1,'-1',-1,'-1',-1,-1,0);
/*!40000 ALTER TABLE `机器学习方向答题` ENABLE KEYS */;
UNLOCK TABLES;
/*!40103 SET TIME_ZONE=@OLD_TIME_ZONE */;

/*!40101 SET SQL_MODE=@OLD_SQL_MODE */;
/*!40014 SET FOREIGN_KEY_CHECKS=@OLD_FOREIGN_KEY_CHECKS */;
/*!40014 SET UNIQUE_CHECKS=@OLD_UNIQUE_CHECKS */;
/*!40101 SET CHARACTER_SET_CLIENT=@OLD_CHARACTER_SET_CLIENT */;
/*!40101 SET CHARACTER_SET_RESULTS=@OLD_CHARACTER_SET_RESULTS */;
/*!40101 SET COLLATION_CONNECTION=@OLD_COLLATION_CONNECTION */;
/*!40111 SET SQL_NOTES=@OLD_SQL_NOTES */;

-- Dump completed on 2024-09-21 16:34:01
